t_star,a,k,B,p,c,sigma_tau,r0
33.0,2.0,0.004,1.6,0.8,10.0,20.0,0.9580068786743896
33.0,2.0,0.006,1.6,0.8,10.0,20.0,0.9578584428158307
33.0,3.0,0.004,1.6,0.8,10.0,20.0,0.9577873128050854
33.0,3.0,0.004,1.6,1.0,10.0,20.0,0.9577570139406426
33.0,3.0,0.004,1.6,0.8,10.0,25.0,0.9577508059839684
33.0,3.0,0.006,1.6,0.8,10.0,20.0,0.9577361011191388
33.0,3.0,0.004,0.8,0.8,10.0,20.0,0.957729522040831
33.0,3.0,0.004,1.6,1.2,10.0,20.0,0.9577201009381916
33.0,3.0,0.004,1.6,0.8,25.0,20.0,0.9577116838018538
33.0,3.0,0.004,0.8,1.0,10.0,20.0,0.9577015962234606
33.0,3.0,0.006,1.6,1.0,10.0,20.0,0.9576982874720964
33.0,3.0,0.004,1.6,1.0,25.0,20.0,0.9576836900637989
33.0,3.0,0.004,0.8,1.2,10.0,20.0,0.9576772842585897
33.0,3.0,0.004,0.8,0.8,25.0,20.0,0.9576763395319376
33.0,3.0,0.006,0.8,0.8,10.0,20.0,0.957671865711779
33.0,3.0,0.004,1.6,1.2,25.0,20.0,0.9576611929293763
33.0,3.0,0.006,1.6,0.8,25.0,20.0,0.9576589745930902
33.0,3.0,0.006,1.6,1.2,10.0,20.0,0.9576579578118718
33.0,3.0,0.004,0.8,1.0,25.0,20.0,0.9576575472649214
33.0,3.0,0.004,0.8,1.2,25.0,20.0,0.9576447207280953
33.0,3.0,0.006,0.8,1.0,10.0,20.0,0.9576401116606063
33.0,3.0,0.004,0.0,1.2,10.0,20.0,0.9576269521322973
33.0,3.0,0.004,0.0,0.8,25.0,20.0,0.9576269521322973
33.0,3.0,0.004,0.0,1.0,10.0,20.0,0.9576269521322973
33.0,3.0,0.004,0.0,0.8,10.0,20.0,0.9576269521322973
33.0,3.0,0.004,0.0,1.2,25.0,20.0,0.9576269521322973
33.0,3.0,0.004,0.0,1.0,25.0,20.0,0.9576269521322973
33.0,3.0,0.006,1.6,1.0,25.0,20.0,0.9576245901424361
33.0,3.0,0.006,0.8,0.8,25.0,20.0,0.9576181143391328
33.0,2.0,0.004,1.6,1.0,10.0,20.0,0.9576142723560007
33.0,3.0,0.006,0.8,1.2,10.0,20.0,0.957614143270439
33.0,3.0,0.006,1.6,1.2,25.0,20.0,0.9575992302462701
33.0,3.0,0.006,0.8,1.0,25.0,20.0,0.9575960010448255
33.0,3.0,0.006,0.8,1.2,25.0,20.0,0.9575817312937223
33.0,3.0,0.006,1.6,0.8,10.0,25.0,0.9575775359911144
33.0,3.0,0.02,1.6,0.8,10.0,20.0,0.9575667934548355
33.0,3.0,0.05,1.6,0.8,10.0,20.0,0.9575659167657979
33.0,3.0,0.006,0.0,0.8,10.0,20.0,0.9575629418288553
33.0,3.0,0.006,0.0,1.2,25.0,20.0,0.9575629418288553
33.0,3.0,0.006,0.0,1.0,10.0,20.0,0.9575629418288553
33.0,3.0,0.006,0.0,1.2,10.0,20.0,0.9575629418288553
33.0,3.0,0.006,0.0,1.0,25.0,20.0,0.9575629418288553
33.0,3.0,0.006,0.0,0.8,25.0,20.0,0.9575629418288553
33.0,3.0,0.05,1.6,1.0,10.0,20.0,0.9575147667061826
33.0,3.0,0.05,1.6,0.8,25.0,20.0,0.9575109574166952
33.0,3.0,0.02,1.6,1.0,10.0,20.0,0.9575049185078564
33.0,3.0,0.05,0.8,0.8,10.0,20.0,0.9575014902952319
33.0,3.0,0.02,1.6,0.8,25.0,20.0,0.957490173475012
33.0,3.0,0.02,0.8,0.8,10.0,20.0,0.9574843080127902
33.0,3.0,0.05,1.6,1.2,10.0,20.0,0.9574759096454941
33.0,3.0,0.05,0.8,1.0,10.0,20.0,0.9574666778367269
33.0,3.0,0.05,1.6,1.0,25.0,20.0,0.9574653578151663
33.0,3.0,0.05,0.8,0.8,25.0,20.0,0.9574643485612307
33.0,2.0,0.006,1.6,1.0,10.0,20.0,0.9574643473019928
33.0,3.0,0.02,1.6,1.2,10.0,20.0,0.9574550646796398
33.0,3.0,0.05,0.8,1.2,10.0,20.0,0.9574434446067845
33.0,3.0,0.02,0.8,1.0,10.0,20.0,0.9574409084997129
33.0,3.0,0.05,1.6,1.2,25.0,20.0,0.957438070088187
33.0,3.0,0.05,0.8,1.0,25.0,20.0,0.9574375097128794
33.0,3.0,0.02,1.6,1.0,25.0,20.0,0.9574352171624062
33.0,2.0,0.004,0.8,0.8,10.0,20.0,0.9574345459164693
33.0,3.0,0.02,0.8,0.8,25.0,20.0,0.9574323951551775
33.0,3.0,0.05,0.8,1.2,25.0,20.0,0.9574226900239904
33.0,2.0,0.004,1.6,0.8,25.0,20.0,0.9574121556171864
33.0,3.0,0.02,0.8,1.2,10.0,20.0,0.9574106970880137
33.0,3.0,0.05,0.0,0.8,10.0,20.0,0.957406429885446
33.0,3.0,0.05,0.0,0.8,25.0,20.0,0.957406429885446
33.0,3.0,0.05,0.0,1.2,10.0,20.0,0.957406429885446
33.0,3.0,0.05,0.0,1.0,10.0,20.0,0.957406429885446
33.0,3.0,0.05,0.0,1.0,25.0,20.0,0.957406429885446
33.0,3.0,0.05,0.0,1.2,25.0,20.0,0.957406429885446
33.0,3.0,0.02,1.6,1.2,25.0,20.0,0.9574011777360374
33.0,3.0,0.02,0.8,1.0,25.0,20.0,0.9573997089999974
33.0,3.0,0.02,0.8,1.2,25.0,20.0,0.957381125698894
33.0,3.0,0.004,1.6,1.0,10.0,25.0,0.9573770363155008
33.0,3.0,0.02,0.0,1.0,25.0,20.0,0.9573598712302106
33.0,3.0,0.02,0.0,1.0,10.0,20.0,0.9573598712302106
33.0,3.0,0.02,0.0,1.2,10.0,20.0,0.9573598712302106
33.0,3.0,0.02,0.0,0.8,25.0,20.0,0.9573598712302106
33.0,3.0,0.02,0.0,1.2,25.0,20.0,0.9573598712302106
33.0,3.0,0.02,0.0,0.8,10.0,20.0,0.9573598712302106
33.0,2.0,0.006,0.8,0.8,10.0,20.0,0.9572878541475361
33.0,2.0,0.006,1.6,0.8,25.0,20.0,0.9572698032176956
33.0,2.0,0.004,1.6,1.2,10.0,20.0,0.9572562697680189
33.0,3.0,0.004,0.8,0.8,10.0,25.0,0.9572235164043721
33.0,3.0,0.004,1.6,0.8,25.0,25.0,0.9572132095468162
33.0,3.0,0.006,1.6,1.0,10.0,25.0,0.9572034020730991
33.0,2.0,0.004,0.8,1.0,10.0,20.0,0.9571351255734368
33.0,2.0,0.006,1.6,1.2,10.0,20.0,0.9571092675373134
33.0,2.0,0.02,1.6,0.8,10.0,20.0,0.9571007871321162
33.0,3.0,0.004,1.6,1.2,10.0,25.0,0.9570655517722911
33.0,2.0,0.004,1.6,1.0,25.0,20.0,0.9570605925010368
33.0,3.0,0.006,0.8,0.8,10.0,25.0,0.9570531895622608
33.0,3.0,0.006,1.6,0.8,25.0,25.0,0.9570469973977684
33.0,2.0,0.004,0.8,0.8,25.0,20.0,0.9570270414917057
33.0,2.0,0.006,0.8,1.0,10.0,20.0,0.9569902212116637
33.0,3.0,0.004,0.8,1.0,10.0,25.0,0.9569650627299535
33.0,2.0,0.006,1.6,1.0,25.0,20.0,0.9569181324958443
33.0,2.0,0.004,0.8,1.2,10.0,20.0,0.956912716736478
33.0,3.0,0.004,1.6,1.0,25.0,25.0,0.9569054895186302
33.0,3.0,0.006,1.6,1.2,10.0,25.0,0.9568949671206737
33.0,2.0,0.006,0.8,0.8,25.0,20.0,0.9568856056277253
33.0,3.0,0.004,0.8,0.8,25.0,25.0,0.9568784649730728
33.0,2.0,0.004,1.6,1.2,25.0,20.0,0.9568234102234715
33.0,2.0,0.004,0.8,1.0,25.0,20.0,0.9568069112776537
33.0,3.0,0.006,0.8,1.0,10.0,25.0,0.9567965742134448
33.0,3.0,0.004,0.8,1.2,10.0,25.0,0.9567803253446776
33.0,2.0,0.006,0.8,1.2,10.0,20.0,0.9567702217300859
33.0,3.0,0.02,1.6,0.8,10.0,25.0,0.956755750749938
33.0,3.0,0.006,1.6,1.0,25.0,25.0,0.956739468610281
33.0,3.0,0.006,0.8,0.8,25.0,25.0,0.956713467293445
33.0,3.0,0.004,1.6,1.2,25.0,25.0,0.9567082389775918
33.0,3.0,0.004,0.8,1.0,25.0,25.0,0.956695048658253
33.0,2.0,0.05,1.6,0.8,10.0,20.0,0.9566868706689897
33.0,2.0,0.02,1.6,1.0,10.0,20.0,0.9566828330463827
33.0,2.0,0.006,1.6,1.2,25.0,20.0,0.9566827763554655
33.0,2.0,0.004,0.8,1.2,25.0,20.0,0.9566750891032662
33.0,2.0,0.006,0.8,1.0,25.0,20.0,0.9566667220524034
33.0,3.0,0.006,0.8,1.2,10.0,25.0,0.9566140973420972
33.0,3.0,0.004,0.8,1.2,25.0,25.0,0.9565878301808188
33.0,2.0,0.02,1.6,0.8,25.0,20.0,0.9565474784686964
33.0,3.0,0.006,1.6,1.2,25.0,25.0,0.9565438757675212
33.0,2.0,0.006,0.8,1.2,25.0,20.0,0.9565361653345746
33.0,3.0,0.006,0.8,1.0,25.0,25.0,0.9565311384957816
33.0,2.0,0.02,0.8,0.8,10.0,20.0,0.9565284438733698
33.0,2.0,0.004,0.0,0.8,10.0,20.0,0.95651674006635
33.0,2.0,0.004,0.0,1.0,10.0,20.0,0.95651674006635
33.0,2.0,0.004,0.0,1.2,10.0,20.0,0.95651674006635
33.0,2.0,0.004,0.0,1.2,25.0,20.0,0.95651674006635
33.0,2.0,0.004,0.0,0.8,25.0,20.0,0.95651674006635
33.0,2.0,0.004,0.0,1.0,25.0,20.0,0.95651674006635
33.0,3.0,0.05,1.6,0.8,10.0,25.0,0.9564963970390399
33.0,3.0,0.004,0.0,1.2,10.0,25.0,0.9564609969930685
33.0,3.0,0.004,0.0,1.2,25.0,25.0,0.9564609969930685
33.0,3.0,0.004,0.0,1.0,10.0,25.0,0.9564609969930685
33.0,3.0,0.004,0.0,0.8,10.0,25.0,0.9564609969930685
33.0,3.0,0.004,0.0,0.8,25.0,25.0,0.9564609969930685
33.0,3.0,0.004,0.0,1.0,25.0,25.0,0.9564609969930685
33.0,3.0,0.006,0.8,1.2,25.0,25.0,0.9564250121703479
33.0,2.0,0.006,0.0,1.0,10.0,20.0,0.9563797639644604
33.0,2.0,0.006,0.0,1.2,10.0,20.0,0.9563797639644604
33.0,2.0,0.006,0.0,1.0,25.0,20.0,0.9563797639644604
33.0,2.0,0.006,0.0,0.8,10.0,20.0,0.9563797639644604
33.0,2.0,0.006,0.0,1.2,25.0,20.0,0.9563797639644604
33.0,2.0,0.006,0.0,0.8,25.0,20.0,0.9563797639644604
33.0,3.0,0.02,1.6,1.0,10.0,25.0,0.9563663493396538
33.0,2.0,0.02,1.6,1.2,10.0,20.0,0.9563360835645399
33.0,3.0,0.006,0.0,1.2,25.0,25.0,0.9562999008110614
33.0,3.0,0.006,0.0,1.0,25.0,25.0,0.9562999008110614
33.0,3.0,0.006,0.0,0.8,25.0,25.0,0.9562999008110614
33.0,3.0,0.006,0.0,0.8,10.0,25.0,0.9562999008110614
33.0,3.0,0.006,0.0,1.0,10.0,25.0,0.9562999008110614
33.0,3.0,0.006,0.0,1.2,10.0,25.0,0.9562999008110614
33.0,2.0,0.05,1.6,1.0,10.0,20.0,0.9562831347039779
33.0,3.0,0.02,1.6,0.8,25.0,25.0,0.9562666710687435
33.0,3.0,0.02,0.8,0.8,10.0,25.0,0.9562383774094894
33.0,2.0,0.02,0.8,1.0,10.0,20.0,0.9562313780642411
33.0,2.0,0.05,1.6,0.8,25.0,20.0,0.9562234020501525
33.0,2.0,0.02,1.6,1.0,25.0,20.0,0.956180463201404
33.0,2.0,0.05,0.8,0.8,10.0,20.0,0.9561664356906486
33.0,2.0,0.02,0.8,0.8,25.0,20.0,0.9561563790192114
33.0,3.0,0.05,1.6,1.0,10.0,25.0,0.9561468687949223
33.0,3.0,0.05,1.6,0.8,25.0,25.0,0.9561089558462581
33.0,3.0,0.02,1.6,1.2,10.0,25.0,0.9560681356767319
33.0,3.0,0.05,0.8,0.8,10.0,25.0,0.9560549599970419
33.0,2.0,0.02,0.8,1.2,10.0,20.0,0.956020701412655
33.0,3.0,0.02,0.8,1.0,10.0,25.0,0.9559838375241567
33.0,2.0,0.05,1.6,1.2,10.0,20.0,0.9559734554194235
33.0,2.0,0.02,1.6,1.2,25.0,20.0,0.9559478120234265
33.0,3.0,0.02,1.6,1.0,25.0,25.0,0.9559472345673009
33.0,2.0,0.02,0.8,1.0,25.0,20.0,0.9559356297554403
33.0,3.0,0.02,0.8,0.8,25.0,25.0,0.955929388224938
33.0,3.0,0.05,1.6,1.2,10.0,25.0,0.9558951407244403
33.0,2.0,0.05,0.8,1.0,10.0,20.0,0.955893715056394
33.0,2.0,0.05,1.6,1.0,25.0,20.0,0.9558716896603275
33.0,2.0,0.05,0.8,0.8,25.0,20.0,0.95585926422267
33.0,3.0,0.05,0.8,1.0,10.0,25.0,0.9558341825834361
33.0,3.0,0.05,1.6,1.0,25.0,25.0,0.9558209249477515
33.0,3.0,0.05,0.8,0.8,25.0,25.0,0.9558126845884752
33.0,3.0,0.02,0.8,1.2,10.0,25.0,0.9558103863220209
33.0,2.0,0.02,0.8,1.2,25.0,20.0,0.9558081299674408
33.0,3.0,0.02,1.6,1.2,25.0,25.0,0.955754285709411
33.0,3.0,0.02,0.8,1.0,25.0,25.0,0.9557453142825345
33.0,2.0,0.05,0.8,1.2,10.0,20.0,0.9557093618003145
33.0,3.0,0.05,0.8,1.2,10.0,25.0,0.9556899241736481
33.0,2.0,0.02,0.0,1.2,10.0,20.0,0.9556598971065945
33.0,2.0,0.02,0.0,0.8,25.0,20.0,0.9556598971065945
33.0,2.0,0.02,0.0,0.8,10.0,20.0,0.9556598971065945
33.0,2.0,0.02,0.0,1.0,10.0,20.0,0.9556598971065945
33.0,2.0,0.02,0.0,1.0,25.0,20.0,0.9556598971065945
33.0,2.0,0.02,0.0,1.2,25.0,20.0,0.9556598971065945
33.0,2.0,0.05,1.6,1.2,25.0,20.0,0.9556595866580138
33.0,3.0,0.05,1.6,1.2,25.0,25.0,0.9556539012292548
33.0,2.0,0.05,0.8,1.0,25.0,20.0,0.9556530286546498
33.0,3.0,0.05,0.8,1.0,25.0,25.0,0.9556495621526875
33.0,3.0,0.02,0.8,1.2,25.0,25.0,0.9556417303376309
33.0,3.0,0.05,0.8,1.2,25.0,25.0,0.9555605737702092
33.0,2.0,0.05,0.8,1.2,25.0,20.0,0.9555380137454131
33.0,3.0,0.02,0.0,1.0,25.0,25.0,0.9555238185632093
33.0,3.0,0.02,0.0,1.2,25.0,25.0,0.9555238185632093
33.0,3.0,0.02,0.0,1.0,10.0,25.0,0.9555238185632093
33.0,3.0,0.02,0.0,0.8,25.0,25.0,0.9555238185632093
33.0,3.0,0.02,0.0,1.2,10.0,25.0,0.9555238185632093
33.0,3.0,0.02,0.0,0.8,10.0,25.0,0.9555238185632093
33.0,3.0,0.05,0.0,1.2,25.0,25.0,0.9554631756090132
33.0,3.0,0.05,0.0,1.2,10.0,25.0,0.9554631756090132
33.0,3.0,0.05,0.0,1.0,25.0,25.0,0.9554631756090132
33.0,3.0,0.05,0.0,0.8,10.0,25.0,0.9554631756090132
33.0,3.0,0.05,0.0,1.0,10.0,25.0,0.9554631756090132
33.0,3.0,0.05,0.0,0.8,25.0,25.0,0.9554631756090132
33.0,2.0,0.05,0.0,1.2,10.0,20.0,0.9554096554405502
33.0,2.0,0.05,0.0,0.8,10.0,20.0,0.9554096554405502
33.0,2.0,0.05,0.0,0.8,25.0,20.0,0.9554096554405502
33.0,2.0,0.05,0.0,1.0,25.0,20.0,0.9554096554405502
33.0,2.0,0.05,0.0,1.0,10.0,20.0,0.9554096554405502
33.0,2.0,0.05,0.0,1.2,25.0,20.0,0.9554096554405502
33.0,2.0,0.02,1.6,0.8,10.0,25.0,0.9524299941590009
33.0,2.0,0.006,1.6,0.8,10.0,25.0,0.9522737387342408
33.0,2.0,0.05,1.6,0.8,10.0,25.0,0.9522358701669906
33.0,2.0,0.004,1.6,0.8,10.0,25.0,0.9521560467898824
33.0,1.0,0.05,1.6,0.8,10.0,20.0,0.95087179593037
33.0,2.0,0.05,1.6,1.0,10.0,25.0,0.9504647151639737
33.0,2.0,0.02,1.6,1.0,10.0,25.0,0.9502374810151711
33.0,2.0,0.05,1.6,0.8,25.0,25.0,0.9502335844035368
33.0,1.0,0.02,1.6,0.8,10.0,20.0,0.9502090494845921
33.0,2.0,0.05,0.8,0.8,10.0,25.0,0.9499832840611735
33.0,2.0,0.02,1.6,0.8,25.0,25.0,0.9499818087866088
33.0,2.0,0.02,0.8,0.8,10.0,25.0,0.9496552146324911
33.0,2.0,0.006,1.6,1.0,10.0,25.0,0.9496508464349915
33.0,2.0,0.006,1.6,0.8,25.0,25.0,0.9495105599435539
33.0,2.0,0.004,1.6,1.0,10.0,25.0,0.9494443160445286
33.0,2.0,0.004,1.6,0.8,25.0,25.0,0.9493363339932323
33.0,1.0,0.006,1.6,0.8,10.0,20.0,0.9491995488548295
33.0,2.0,0.05,1.6,1.2,10.0,25.0,0.9491807714067887
33.0,2.0,0.006,0.8,0.8,10.0,25.0,0.9490276703319838
33.0,1.0,0.004,1.6,0.8,10.0,20.0,0.9489719671534463
33.0,2.0,0.05,0.8,1.0,10.0,25.0,0.9488638163215027
33.0,2.0,0.004,0.8,0.8,10.0,25.0,0.9488164845619663
33.0,2.0,0.05,1.6,1.0,25.0,25.0,0.948784071103341
33.0,2.0,0.05,0.8,0.8,25.0,25.0,0.9487372514348003
33.0,2.0,0.02,1.6,1.2,10.0,25.0,0.9486494213047962
33.0,2.0,0.02,0.8,1.0,10.0,25.0,0.9482670153689479
33.0,2.0,0.02,1.6,1.0,25.0,25.0,0.94818455676005
33.0,2.0,0.02,0.8,0.8,25.0,25.0,0.9481325253066198
33.0,2.0,0.05,0.8,1.2,10.0,25.0,0.9481302503757892
33.0,2.0,0.05,1.6,1.2,25.0,25.0,0.947940445007984
33.0,2.0,0.05,0.8,1.0,25.0,25.0,0.9479163433243826
33.0,2.0,0.006,1.6,1.2,10.0,25.0,0.9477922187534411
33.0,1.0,0.05,1.6,1.0,10.0,20.0,0.947548213999749
33.0,2.0,0.004,1.6,1.2,10.0,25.0,0.9475328081436282
33.0,2.0,0.05,0.8,1.2,25.0,25.0,0.9474674393501926
33.0,2.0,0.006,0.8,1.0,10.0,25.0,0.9473823744114919
33.0,2.0,0.02,0.8,1.2,10.0,25.0,0.9473611085027066
33.0,2.0,0.006,1.6,1.0,25.0,25.0,0.9473510082197445
33.0,2.0,0.006,0.8,0.8,25.0,25.0,0.9473149219081511
33.0,1.0,0.05,1.6,0.8,25.0,20.0,0.9471942071413927
33.0,2.0,0.02,1.6,1.2,25.0,25.0,0.947138072500201
33.0,2.0,0.004,0.8,1.0,10.0,25.0,0.9471196834178441
33.0,2.0,0.02,0.8,1.0,25.0,25.0,0.9471115632217679
33.0,2.0,0.004,1.6,1.0,25.0,25.0,0.9471019041463318
33.0,2.0,0.004,0.8,0.8,25.0,25.0,0.9470703403897237
33.0,2.0,0.05,0.0,1.2,25.0,25.0,0.9469745707821493
33.0,2.0,0.05,0.0,1.2,10.0,25.0,0.9469745707821493
33.0,2.0,0.05,0.0,1.0,25.0,25.0,0.9469745707821493
33.0,2.0,0.05,0.0,1.0,10.0,25.0,0.9469745707821493
33.0,2.0,0.05,0.0,0.8,25.0,25.0,0.9469745707821493
33.0,2.0,0.05,0.0,0.8,10.0,25.0,0.9469745707821493
33.0,1.0,0.05,0.8,0.8,10.0,20.0,0.9466576302487729
33.0,2.0,0.02,0.8,1.2,25.0,25.0,0.9465545296773799
33.0,2.0,0.006,0.8,1.2,10.0,25.0,0.9463283871290862
33.0,1.0,0.02,1.6,1.0,10.0,20.0,0.9461434607480669
33.0,2.0,0.006,1.6,1.2,25.0,25.0,0.9461101598468923
33.0,2.0,0.006,0.8,1.0,25.0,25.0,0.9460913725447885
33.0,2.0,0.004,0.8,1.2,10.0,25.0,0.9460372179925133
33.0,1.0,0.02,1.6,0.8,25.0,20.0,0.9459483874767143
33.0,2.0,0.02,0.0,0.8,10.0,25.0,0.9459466605559674
33.0,2.0,0.02,0.0,1.0,25.0,25.0,0.9459466605559674
33.0,2.0,0.02,0.0,1.0,10.0,25.0,0.9459466605559674
33.0,2.0,0.02,0.0,1.2,25.0,25.0,0.9459466605559674
33.0,2.0,0.02,0.0,0.8,25.0,25.0,0.9459466605559674
33.0,2.0,0.02,0.0,1.2,10.0,25.0,0.9459466605559674
33.0,2.0,0.004,1.6,1.2,25.0,25.0,0.9458222082953286
33.0,2.0,0.004,0.8,1.0,25.0,25.0,0.9458055828326384
33.0,2.0,0.006,0.8,1.2,25.0,25.0,0.9454321707791735
33.0,1.0,0.02,0.8,0.8,10.0,20.0,0.9451629603738596
33.0,2.0,0.004,0.8,1.2,25.0,25.0,0.9451261129029892
33.0,1.0,0.05,1.6,1.2,10.0,20.0,0.9450555502027433
33.0,2.0,0.006,0.0,1.2,25.0,25.0,0.944726864015754
33.0,2.0,0.006,0.0,0.8,25.0,25.0,0.944726864015754
33.0,2.0,0.006,0.0,1.0,25.0,25.0,0.944726864015754
33.0,2.0,0.006,0.0,0.8,10.0,25.0,0.944726864015754
33.0,2.0,0.006,0.0,1.2,10.0,25.0,0.944726864015754
33.0,2.0,0.006,0.0,1.0,10.0,25.0,0.944726864015754
33.0,1.0,0.006,1.6,0.8,25.0,20.0,0.9445570448409243
33.0,1.0,0.006,1.6,1.0,10.0,20.0,0.9445218436903852
33.0,1.0,0.05,0.8,1.0,10.0,20.0,0.9444553826932124
33.0,2.0,0.004,0.0,1.0,10.0,25.0,0.9444022137855499
33.0,2.0,0.004,0.0,1.0,25.0,25.0,0.9444022137855499
33.0,2.0,0.004,0.0,1.2,25.0,25.0,0.9444022137855499
33.0,2.0,0.004,0.0,0.8,25.0,25.0,0.9444022137855499
33.0,2.0,0.004,0.0,0.8,10.0,25.0,0.9444022137855499
33.0,2.0,0.004,0.0,1.2,10.0,25.0,0.9444022137855499
33.0,1.0,0.05,1.6,1.0,25.0,20.0,0.9443412518338239
33.0,1.0,0.004,1.6,0.8,25.0,20.0,0.9442666115650733
33.0,1.0,0.05,0.8,0.8,25.0,20.0,0.9442648734062248
33.0,1.0,0.004,1.6,1.0,10.0,20.0,0.9441859648710638
33.0,1.0,0.006,0.8,0.8,10.0,20.0,0.9435120889377491
33.0,1.0,0.004,0.8,0.8,10.0,20.0,0.9431731967710306
33.0,1.0,0.02,1.6,1.2,10.0,20.0,0.9431642769440605
33.0,1.0,0.05,0.8,1.2,10.0,20.0,0.9429977339712041
33.0,1.0,0.05,1.6,1.2,25.0,20.0,0.9426474253916923
33.0,1.0,0.05,0.8,1.0,25.0,20.0,0.9426077415726367
33.0,1.0,0.02,0.8,1.0,10.0,20.0,0.942503740077814
33.0,1.0,0.02,1.6,1.0,25.0,20.0,0.9424630483527193
33.0,1.0,0.02,0.8,0.8,25.0,20.0,0.9424081199596119
33.0,1.0,0.05,0.8,1.2,25.0,20.0,0.9416963985169343
33.0,1.0,0.006,1.6,1.2,10.0,20.0,0.9411763101382385
33.0,1.0,0.004,1.6,1.2,10.0,20.0,0.9407776642931721
33.0,1.0,0.02,0.8,1.2,10.0,20.0,0.940775872950881
33.0,1.0,0.05,0.0,1.0,10.0,20.0,0.9406987050626454
33.0,1.0,0.05,0.0,0.8,25.0,20.0,0.9406987050626454
33.0,1.0,0.05,0.0,1.0,25.0,20.0,0.9406987050626454
33.0,1.0,0.05,0.0,1.2,10.0,20.0,0.9406987050626454
33.0,1.0,0.05,0.0,1.2,25.0,20.0,0.9406987050626454
33.0,1.0,0.05,0.0,0.8,10.0,20.0,0.9406987050626454
33.0,1.0,0.006,1.6,1.0,25.0,20.0,0.9405514766891682
33.0,1.0,0.006,0.8,0.8,25.0,20.0,0.940529010676107
33.0,1.0,0.006,0.8,1.0,10.0,20.0,0.9404948479158706
33.0,1.0,0.02,1.6,1.2,25.0,20.0,0.9404220303323817
33.0,1.0,0.02,0.8,1.0,25.0,20.0,0.9403928203728578
33.0,1.0,0.004,1.6,1.0,25.0,20.0,0.9401693203786813
33.0,1.0,0.004,0.8,0.8,25.0,20.0,0.9401532653487253
33.0,1.0,0.004,0.8,1.0,10.0,20.0,0.9400938762528709
33.0,1.0,0.02,0.8,1.2,25.0,20.0,0.939298006734529
33.0,1.0,0.006,0.8,1.2,10.0,20.0,0.9385693890864337
33.0,1.0,0.006,1.6,1.2,25.0,20.0,0.9382399210703866
33.0,1.0,0.006,0.8,1.0,25.0,20.0,0.9382262980111377
33.0,1.0,0.004,0.8,1.2,10.0,20.0,0.9381349462894497
33.0,1.0,0.02,0.0,0.8,25.0,20.0,0.9381212971524462
33.0,1.0,0.02,0.0,1.0,25.0,20.0,0.9381212971524462
33.0,1.0,0.02,0.0,0.8,10.0,20.0,0.9381212971524462
33.0,1.0,0.02,0.0,1.2,25.0,20.0,0.9381212971524462
33.0,1.0,0.02,0.0,1.0,10.0,20.0,0.9381212971524462
33.0,1.0,0.02,0.0,1.2,10.0,20.0,0.9381212971524462
33.0,1.0,0.004,1.6,1.2,25.0,20.0,0.9378110084206537
33.0,1.0,0.004,0.8,1.0,25.0,20.0,0.9378004421188294
33.0,1.0,0.006,0.8,1.2,25.0,20.0,0.9369902793068688
33.0,1.0,0.004,0.8,1.2,25.0,20.0,0.936540151086088
33.0,1.0,0.006,0.0,1.0,10.0,20.0,0.9356846360819451
33.0,1.0,0.006,0.0,0.8,25.0,20.0,0.9356846360819451
33.0,1.0,0.006,0.0,1.2,10.0,20.0,0.9356846360819451
33.0,1.0,0.006,0.0,1.2,25.0,20.0,0.9356846360819451
33.0,1.0,0.006,0.0,0.8,10.0,20.0,0.9356846360819451
33.0,1.0,0.006,0.0,1.0,25.0,20.0,0.9356846360819451
33.0,1.0,0.004,0.0,0.8,10.0,20.0,0.9352128104658176
33.0,1.0,0.004,0.0,1.2,10.0,20.0,0.9352128104658176
33.0,1.0,0.004,0.0,1.0,25.0,20.0,0.9352128104658176
33.0,1.0,0.004,0.0,0.8,25.0,20.0,0.9352128104658176
33.0,1.0,0.004,0.0,1.2,25.0,20.0,0.9352128104658176
33.0,1.0,0.004,0.0,1.0,10.0,20.0,0.9352128104658176
33.0,0.5,0.05,1.6,0.8,10.0,20.0,0.9310402487777572
33.0,3.0,0.05,1.6,0.8,10.0,40.0,0.9296104417433437
33.0,0.5,0.02,1.6,0.8,10.0,20.0,0.9263482902365829
33.0,3.0,0.05,1.6,1.0,10.0,40.0,0.9250864086459748
33.0,3.0,0.05,1.6,0.8,25.0,40.0,0.9248189242593244
33.0,1.0,0.05,1.6,0.8,10.0,25.0,0.924122915232979
33.0,3.0,0.05,0.8,0.8,10.0,40.0,0.924066407094339
33.0,0.5,0.006,1.6,0.8,10.0,20.0,0.9229925270839329
33.0,0.5,0.004,1.6,0.8,10.0,20.0,0.9224413517088301
33.0,3.0,0.05,1.6,1.2,10.0,40.0,0.9221789891843143
33.0,3.0,0.05,0.8,1.0,10.0,40.0,0.9215465100764074
33.0,3.0,0.02,1.6,0.8,10.0,40.0,0.9215083634855538
33.0,3.0,0.05,1.6,1.0,25.0,40.0,0.9214710186728042
33.0,0.5,0.05,1.6,0.8,25.0,20.0,0.9214297891389043
33.0,3.0,0.05,0.8,0.8,25.0,40.0,0.9214072765757326
33.0,0.5,0.05,1.6,1.0,10.0,20.0,0.9211262221820834
33.0,3.0,0.05,0.8,1.2,10.0,40.0,0.9200018067851111
33.0,3.0,0.05,1.6,1.2,25.0,40.0,0.9196672646371581
33.0,3.0,0.05,0.8,1.0,25.0,40.0,0.9196343614440167
33.0,0.5,0.05,0.8,0.8,10.0,20.0,0.9191500038226958
33.0,3.0,0.05,0.8,1.2,25.0,40.0,0.918706617858361
33.0,3.0,0.05,0.0,1.2,10.0,40.0,0.9177279212732529
33.0,3.0,0.05,0.0,1.0,25.0,40.0,0.9177279212732529
33.0,3.0,0.05,0.0,0.8,25.0,40.0,0.9177279212732529
33.0,3.0,0.05,0.0,1.0,10.0,40.0,0.9177279212732529
33.0,3.0,0.05,0.0,1.2,25.0,40.0,0.9177279212732529
33.0,3.0,0.05,0.0,0.8,10.0,40.0,0.9177279212732529
33.0,1.0,0.02,1.6,0.8,10.0,25.0,0.9160777761912196
33.0,0.5,0.02,1.6,0.8,25.0,20.0,0.9160520129774602
33.0,3.0,0.02,1.6,0.8,25.0,40.0,0.915798040844372
33.0,3.0,0.02,1.6,1.0,10.0,40.0,0.9157667954738817
33.0,0.5,0.02,1.6,1.0,10.0,20.0,0.9152824139175669
33.0,1.0,0.05,1.6,0.8,25.0,25.0,0.9151582229379053
33.0,1.0,0.05,1.6,1.0,10.0,25.0,0.9151208193757909
33.0,3.0,0.02,0.8,0.8,10.0,40.0,0.9146349818204172
33.0,0.5,0.05,1.6,1.2,10.0,20.0,0.9144175506786517
33.0,0.5,0.05,1.6,1.0,25.0,20.0,0.9133035792610709
33.0,0.5,0.05,0.8,0.8,25.0,20.0,0.9132896050156554
33.0,1.0,0.05,0.8,0.8,10.0,25.0,0.9132792479984136
33.0,0.5,0.02,0.8,0.8,10.0,20.0,0.9132760801339509
33.0,0.5,0.05,0.8,1.0,10.0,20.0,0.9131185831117294
33.0,3.0,0.006,1.6,0.8,10.0,40.0,0.9128324456119749
33.0,0.5,0.006,1.6,0.8,25.0,20.0,0.9123274749009898
33.0,3.0,0.02,1.6,1.2,10.0,40.0,0.9121810944420262
33.0,0.5,0.004,1.6,0.8,25.0,20.0,0.9117216881069486
33.0,3.0,0.02,1.6,1.0,25.0,40.0,0.9115236355781127
33.0,3.0,0.02,0.8,0.8,25.0,40.0,0.9114978358716308
33.0,3.0,0.02,0.8,1.0,10.0,40.0,0.9114800176007612
33.0,0.5,0.006,1.6,1.0,10.0,20.0,0.9112211753153768
33.0,3.0,0.004,1.6,0.8,10.0,40.0,0.9111019154120414
33.0,0.5,0.004,1.6,1.0,10.0,20.0,0.9105614600666914
33.0,1.0,0.006,1.6,0.8,10.0,25.0,0.9096688547498818
33.0,3.0,0.02,0.8,1.2,10.0,40.0,0.9095900317709473
33.0,0.5,0.05,0.8,1.2,10.0,20.0,0.9093868311126134
33.0,3.0,0.02,1.6,1.2,25.0,40.0,0.9092645232407719
33.0,3.0,0.02,0.8,1.0,25.0,40.0,0.9092488745842632
33.0,1.0,0.05,1.6,1.2,10.0,25.0,0.909224708556052
33.0,0.5,0.006,0.8,0.8,10.0,20.0,0.9092192788425703
33.0,0.5,0.05,1.6,1.2,25.0,20.0,0.9087967530402278
33.0,0.5,0.05,0.8,1.0,25.0,20.0,0.9087833429409773
33.0,1.0,0.004,1.6,0.8,10.0,25.0,0.9085662757138868
33.0,0.5,0.004,0.8,0.8,10.0,20.0,0.908561211369596
33.0,1.0,0.05,1.6,1.0,25.0,25.0,0.9081190148074386
33.0,3.0,0.02,0.8,1.2,25.0,40.0,0.9080909735526198
33.0,1.0,0.05,0.8,0.8,25.0,25.0,0.9080732624315587
33.0,1.0,0.05,0.8,1.0,10.0,25.0,0.9080495179596626
33.0,0.5,0.02,1.6,1.2,10.0,20.0,0.9079598937438031
33.0,0.5,0.02,0.8,0.8,25.0,20.0,0.9070577886712061
33.0,0.5,0.02,1.6,1.0,25.0,20.0,0.9070086360045092
33.0,3.0,0.02,0.0,1.2,10.0,40.0,0.9068981383556377
33.0,3.0,0.02,0.0,1.0,25.0,40.0,0.9068981383556377
33.0,3.0,0.02,0.0,1.0,10.0,40.0,0.9068981383556377
33.0,3.0,0.02,0.0,0.8,10.0,40.0,0.9068981383556377
33.0,3.0,0.02,0.0,1.2,25.0,40.0,0.9068981383556377
33.0,3.0,0.02,0.0,0.8,25.0,40.0,0.9068981383556377
33.0,0.5,0.02,0.8,1.0,10.0,20.0,0.9066410548140156
33.0,3.0,0.006,1.6,0.8,25.0,40.0,0.9065903057336226
33.0,0.5,0.05,0.8,1.2,25.0,20.0,0.9064165709095127
33.0,1.0,0.02,1.6,0.8,25.0,25.0,0.9062115205324204
33.0,3.0,0.006,1.6,1.0,10.0,40.0,0.9061559791103186
33.0,1.0,0.02,1.6,1.0,10.0,25.0,0.9056128289788195
33.0,3.0,0.006,0.8,0.8,10.0,40.0,0.9050119268866342
33.0,1.0,0.05,0.8,1.2,10.0,25.0,0.9048495715030308
33.0,3.0,0.004,1.6,0.8,25.0,40.0,0.9047795882952684
33.0,1.0,0.05,1.6,1.2,25.0,25.0,0.9042917764727855
33.0,3.0,0.004,1.6,1.0,10.0,40.0,0.904268822499488
33.0,1.0,0.05,0.8,1.0,25.0,25.0,0.9042642002992481
33.0,0.5,0.05,0.0,0.8,25.0,20.0,0.9039592741503889
33.0,0.5,0.05,0.0,1.2,10.0,20.0,0.9039592741503889
33.0,0.5,0.05,0.0,1.0,25.0,20.0,0.9039592741503889
33.0,0.5,0.05,0.0,0.8,10.0,20.0,0.9039592741503889
33.0,0.5,0.05,0.0,1.0,10.0,20.0,0.9039592741503889
33.0,0.5,0.05,0.0,1.2,25.0,20.0,0.9039592741503889
33.0,1.0,0.02,0.8,0.8,10.0,25.0,0.9037235680391307
33.0,0.5,0.006,1.6,1.2,10.0,20.0,0.9035409269824197
33.0,3.0,0.004,0.8,0.8,10.0,40.0,0.9031265351783305
33.0,0.5,0.004,1.6,1.2,10.0,20.0,0.9028270545585186
33.0,0.5,0.006,0.8,0.8,25.0,20.0,0.9028161004799572
33.0,0.5,0.006,1.6,1.0,25.0,20.0,0.9027208891012212
33.0,0.5,0.02,0.8,1.2,10.0,20.0,0.9025996265674862
33.0,1.0,0.05,0.8,1.2,25.0,25.0,0.9022769259351652
33.0,0.5,0.006,0.8,1.0,10.0,20.0,0.902223859457605
33.0,0.5,0.004,0.8,0.8,25.0,20.0,0.9021310738998697
33.0,3.0,0.006,1.6,1.2,10.0,40.0,0.9020935822786748
33.0,0.5,0.02,0.8,1.0,25.0,20.0,0.9020798679580768
33.0,0.5,0.02,1.6,1.2,25.0,20.0,0.9020640627708811
33.0,0.5,0.004,1.6,1.0,25.0,20.0,0.902028468161995
33.0,3.0,0.006,0.8,0.8,25.0,40.0,0.9016080857321189
33.0,3.0,0.006,1.6,1.0,25.0,40.0,0.9015799884986301
33.0,0.5,0.004,0.8,1.0,10.0,20.0,0.9015108403958764
33.0,3.0,0.006,0.8,1.0,10.0,40.0,0.9013832987011849
33.0,1.0,0.05,0.0,1.0,25.0,25.0,0.9002119413507754
33.0,1.0,0.05,0.0,1.2,10.0,25.0,0.9002119413507754
33.0,1.0,0.05,0.0,0.8,10.0,25.0,0.9002119413507754
33.0,1.0,0.05,0.0,0.8,25.0,25.0,0.9002119413507754
33.0,1.0,0.05,0.0,1.2,25.0,25.0,0.9002119413507754
33.0,1.0,0.05,0.0,1.0,10.0,25.0,0.9002119413507754
33.0,3.0,0.004,1.6,1.2,10.0,40.0,0.9001291896542364
33.0,3.0,0.004,0.8,0.8,25.0,40.0,0.8996833266190196
33.0,3.0,0.004,1.6,1.0,25.0,40.0,0.8996449302559407
33.0,0.5,0.02,0.8,1.2,25.0,20.0,0.8994927852054596
33.0,3.0,0.004,0.8,1.0,10.0,40.0,0.899419591509048
33.0,1.0,0.006,1.6,0.8,25.0,25.0,0.8993282965676975
33.0,3.0,0.006,0.8,1.2,10.0,40.0,0.8992548713163887
33.0,3.0,0.006,0.8,1.0,25.0,40.0,0.8989868058521214
33.0,3.0,0.006,1.6,1.2,25.0,40.0,0.8989779100055315
33.0,1.0,0.02,1.6,1.2,10.0,25.0,0.8989505633726467
33.0,1.0,0.006,1.6,1.0,10.0,25.0,0.8982782505848129
33.0,1.0,0.004,1.6,0.8,25.0,25.0,0.8981564739033725
33.0,1.0,0.02,0.8,0.8,25.0,25.0,0.898061914942968
33.0,1.0,0.02,1.6,1.0,25.0,25.0,0.8980326097142597
33.0,0.5,0.006,0.8,1.2,10.0,20.0,0.898004860785598
33.0,1.0,0.02,0.8,1.0,10.0,25.0,0.8977455792997637
33.0,3.0,0.006,0.8,1.2,25.0,40.0,0.8976569083784964
33.0,0.5,0.006,0.8,1.0,25.0,20.0,0.8975523102889056
33.0,0.5,0.006,1.6,1.2,25.0,20.0,0.897515283545866
33.0,0.5,0.004,0.8,1.2,10.0,20.0,0.8972651087379243
33.0,3.0,0.004,0.8,1.2,10.0,40.0,0.8972528380110678
33.0,1.0,0.004,1.6,1.0,10.0,25.0,0.8970316588250411
33.0,3.0,0.004,0.8,1.0,25.0,40.0,0.8969996225195873
33.0,3.0,0.004,1.6,1.2,25.0,40.0,0.8969860522767052
33.0,0.5,0.02,0.0,1.2,25.0,20.0,0.8968443296691483
33.0,0.5,0.02,0.0,1.2,10.0,20.0,0.8968443296691483
33.0,0.5,0.02,0.0,0.8,25.0,20.0,0.8968443296691483
33.0,0.5,0.02,0.0,1.0,10.0,20.0,0.8968443296691483
33.0,0.5,0.02,0.0,1.0,25.0,20.0,0.8968443296691483
33.0,0.5,0.02,0.0,0.8,10.0,20.0,0.8968443296691483
33.0,0.5,0.004,0.8,1.0,25.0,20.0,0.8968235275255926
33.0,0.5,0.004,1.6,1.2,25.0,20.0,0.896783101824614
33.0,1.0,0.006,0.8,0.8,10.0,25.0,0.8964007961178618
33.0,3.0,0.006,0.0,1.2,25.0,40.0,0.8963165881891617
33.0,3.0,0.006,0.0,1.0,10.0,40.0,0.8963165881891617
33.0,3.0,0.006,0.0,1.2,10.0,40.0,0.8963165881891617
33.0,3.0,0.006,0.0,0.8,10.0,40.0,0.8963165881891617
33.0,3.0,0.006,0.0,1.0,25.0,40.0,0.8963165881891617
33.0,3.0,0.006,0.0,0.8,25.0,40.0,0.8963165881891617
33.0,3.0,0.004,0.8,1.2,25.0,40.0,0.8956413499085851
33.0,1.0,0.004,0.8,0.8,10.0,25.0,0.8951580509822425
33.0,0.5,0.006,0.8,1.2,25.0,20.0,0.8948347436056021
33.0,3.0,0.004,0.0,1.2,10.0,40.0,0.8942773899183227
33.0,3.0,0.004,0.0,1.0,10.0,40.0,0.8942773899183227
33.0,3.0,0.004,0.0,1.0,25.0,40.0,0.8942773899183227
33.0,3.0,0.004,0.0,1.2,25.0,40.0,0.8942773899183227
33.0,3.0,0.004,0.0,0.8,25.0,40.0,0.8942773899183227
33.0,3.0,0.004,0.0,0.8,10.0,40.0,0.8942773899183227
33.0,1.0,0.02,0.8,1.2,10.0,25.0,0.8941631204046199
33.0,0.5,0.004,0.8,1.2,25.0,20.0,0.8940861347740926
33.0,1.0,0.02,0.8,1.0,25.0,25.0,0.8936742542502366
33.0,1.0,0.02,1.6,1.2,25.0,25.0,0.8936673415672016
33.0,0.5,0.006,0.0,1.2,25.0,20.0,0.8920775593749994
33.0,0.5,0.006,0.0,1.2,10.0,20.0,0.8920775593749994
33.0,0.5,0.006,0.0,0.8,25.0,20.0,0.8920775593749994
33.0,0.5,0.006,0.0,0.8,10.0,20.0,0.8920775593749994
33.0,0.5,0.006,0.0,1.0,10.0,20.0,0.8920775593749994
33.0,0.5,0.006,0.0,1.0,25.0,20.0,0.8920775593749994
33.0,1.0,0.02,0.8,1.2,25.0,25.0,0.8914174833681854
33.0,0.5,0.004,0.0,0.8,10.0,20.0,0.89131263482193
33.0,0.5,0.004,0.0,1.0,10.0,20.0,0.89131263482193
33.0,0.5,0.004,0.0,1.2,25.0,20.0,0.89131263482193
33.0,0.5,0.004,0.0,0.8,25.0,20.0,0.89131263482193
33.0,0.5,0.004,0.0,1.2,10.0,20.0,0.89131263482193
33.0,0.5,0.004,0.0,1.0,25.0,20.0,0.89131263482193
33.0,1.0,0.006,1.6,1.2,10.0,25.0,0.8911620151899582
33.0,1.0,0.006,0.8,0.8,25.0,25.0,0.8905111665370217
33.0,1.0,0.006,1.6,1.0,25.0,25.0,0.8904206618459652
33.0,1.0,0.006,0.8,1.0,10.0,25.0,0.8899631713939155
33.0,1.0,0.004,1.6,1.2,10.0,25.0,0.8898464060735256
33.0,1.0,0.004,0.8,0.8,25.0,25.0,0.8892358776703828
33.0,1.0,0.004,1.6,1.0,25.0,25.0,0.889135184939478
33.0,1.0,0.02,0.0,1.0,10.0,25.0,0.8891180130070909
33.0,1.0,0.02,0.0,0.8,25.0,25.0,0.8891180130070909
33.0,1.0,0.02,0.0,0.8,10.0,25.0,0.8891180130070909
33.0,1.0,0.02,0.0,1.2,10.0,25.0,0.8891180130070909
33.0,1.0,0.02,0.0,1.0,25.0,25.0,0.8891180130070909
33.0,1.0,0.02,0.0,1.2,25.0,25.0,0.8891180130070909
33.0,1.0,0.004,0.8,1.0,10.0,25.0,0.8886496967161512
33.0,1.0,0.006,0.8,1.2,10.0,25.0,0.8861582599999379
33.0,1.0,0.006,0.8,1.0,25.0,25.0,0.8857593805819477
33.0,1.0,0.006,1.6,1.2,25.0,25.0,0.8857245168719963
33.0,1.0,0.004,0.8,1.2,10.0,25.0,0.8848112002863062
33.0,1.0,0.004,0.8,1.0,25.0,25.0,0.8844276408752455
33.0,1.0,0.004,1.6,1.2,25.0,25.0,0.8843881378891999
33.0,1.0,0.006,0.8,1.2,25.0,25.0,0.883338221367445
33.0,1.0,0.004,0.8,1.2,25.0,25.0,0.8819812689377899
33.0,1.0,0.006,0.0,1.2,10.0,25.0,0.8809034649134769
33.0,1.0,0.006,0.0,0.8,10.0,25.0,0.8809034649134769
33.0,1.0,0.006,0.0,1.0,25.0,25.0,0.8809034649134769
33.0,1.0,0.006,0.0,1.2,25.0,25.0,0.8809034649134769
33.0,1.0,0.006,0.0,0.8,25.0,25.0,0.8809034649134769
33.0,1.0,0.006,0.0,1.0,10.0,25.0,0.8809034649134769
33.0,2.0,0.05,1.6,0.8,10.0,40.0,0.8796823183783455
33.0,1.0,0.004,0.0,1.0,25.0,25.0,0.8795261617816377
33.0,1.0,0.004,0.0,0.8,25.0,25.0,0.8795261617816377
33.0,1.0,0.004,0.0,0.8,10.0,25.0,0.8795261617816377
33.0,1.0,0.004,0.0,1.2,10.0,25.0,0.8795261617816377
33.0,1.0,0.004,0.0,1.0,10.0,25.0,0.8795261617816377
33.0,1.0,0.004,0.0,1.2,25.0,25.0,0.8795261617816377
33.0,0.5,0.05,1.6,0.8,10.0,25.0,0.8721152567993063
33.0,2.0,0.05,1.6,0.8,25.0,40.0,0.870372990673261
33.0,2.0,0.05,1.6,1.0,10.0,40.0,0.8701905380716687
33.0,2.0,0.05,0.8,0.8,10.0,40.0,0.86841278681055
33.0,2.0,0.05,1.6,1.2,10.0,40.0,0.8644587512873501
33.0,2.0,0.05,1.6,1.0,25.0,40.0,0.8634928678587331
33.0,2.0,0.05,0.8,0.8,25.0,40.0,0.8634706866263777
33.0,2.0,0.05,0.8,1.0,10.0,40.0,0.8633775948360173
33.0,0.5,0.02,1.6,0.8,10.0,25.0,0.8619105003650641
33.0,2.0,0.05,0.8,1.2,10.0,40.0,0.8604178053681053
33.0,2.0,0.02,1.6,0.8,10.0,40.0,0.8602375066498003
33.0,2.0,0.05,1.6,1.2,25.0,40.0,0.8599387922696302
33.0,2.0,0.05,0.8,1.0,25.0,40.0,0.859922756289429
33.0,2.0,0.05,0.8,1.2,25.0,40.0,0.8581194479675885
33.0,0.5,0.05,1.6,0.8,25.0,25.0,0.8574552958844649
33.0,2.0,0.05,0.0,1.2,10.0,40.0,0.8562826379979012
33.0,2.0,0.05,0.0,1.2,25.0,40.0,0.8562826379979012
33.0,2.0,0.05,0.0,1.0,25.0,40.0,0.8562826379979012
33.0,2.0,0.05,0.0,1.0,10.0,40.0,0.8562826379979012
33.0,2.0,0.05,0.0,0.8,25.0,40.0,0.8562826379979012
33.0,2.0,0.05,0.0,0.8,10.0,40.0,0.8562826379979012
33.0,0.5,0.05,1.6,1.0,10.0,25.0,0.8560941316180414
33.0,0.5,0.006,1.6,0.8,10.0,25.0,0.855376240517651
33.0,0.5,0.004,1.6,0.8,10.0,25.0,0.8543522695670789
33.0,0.5,0.05,0.8,0.8,10.0,25.0,0.8534857066164405
33.0,2.0,0.02,1.6,0.8,25.0,40.0,0.8504539937979093
33.0,2.0,0.02,1.6,1.0,10.0,40.0,0.849681095634777
33.0,2.0,0.02,0.8,0.8,10.0,40.0,0.847953414642782
33.0,0.5,0.02,1.6,0.8,25.0,25.0,0.8469529000884979
33.0,0.5,0.05,1.6,1.2,10.0,25.0,0.8464292317727881
33.0,0.5,0.05,0.8,0.8,25.0,25.0,0.8455016895706476
33.0,0.5,0.05,1.6,1.0,25.0,25.0,0.8453902338295083
33.0,2.0,0.006,1.6,0.8,10.0,40.0,0.8453758559072457
33.0,0.5,0.02,1.6,1.0,10.0,25.0,0.8451226519224383
33.0,0.5,0.05,0.8,1.0,10.0,25.0,0.8448090200578415
33.0,2.0,0.02,1.6,1.2,10.0,40.0,0.8434783557659721
33.0,2.0,0.004,1.6,0.8,10.0,40.0,0.842855630061222
33.0,2.0,0.02,0.8,0.8,25.0,40.0,0.8428182638858661
33.0,2.0,0.02,1.6,1.0,25.0,40.0,0.8427606667796301
33.0,0.5,0.02,0.8,0.8,10.0,25.0,0.8425723392996387
33.0,2.0,0.02,0.8,1.0,10.0,40.0,0.8424281429223913
33.0,0.5,0.006,1.6,0.8,25.0,25.0,0.8402950630463193
33.0,0.5,0.05,0.8,1.2,10.0,25.0,0.8397702054443064
33.0,0.5,0.004,1.6,0.8,25.0,25.0,0.8392541260827824
33.0,2.0,0.02,0.8,1.2,10.0,40.0,0.8392487271125969
33.0,0.5,0.05,0.8,1.0,25.0,25.0,0.8392250759539143
33.0,0.5,0.05,1.6,1.2,25.0,25.0,0.8391835596263819
33.0,2.0,0.02,0.8,1.0,25.0,40.0,0.8388799260170384
33.0,2.0,0.02,1.6,1.2,25.0,40.0,0.8388598127823903
33.0,0.5,0.006,1.6,1.0,10.0,25.0,0.8381467260463673
33.0,0.5,0.004,1.6,1.0,10.0,25.0,0.8370549700267002
33.0,2.0,0.02,0.8,1.2,25.0,40.0,0.8369078159939619
33.0,0.5,0.05,0.8,1.2,25.0,25.0,0.8360652876477614
33.0,0.5,0.006,0.8,0.8,10.0,25.0,0.8356498088283293
33.0,2.0,0.006,1.6,0.8,25.0,40.0,0.8354303988502132
33.0,0.5,0.02,1.6,1.2,10.0,25.0,0.835143831997627
33.0,2.0,0.02,0.0,1.2,25.0,40.0,0.8349416554005192
33.0,2.0,0.02,0.0,1.2,10.0,40.0,0.8349416554005192
33.0,2.0,0.02,0.0,1.0,25.0,40.0,0.8349416554005192
33.0,2.0,0.02,0.0,0.8,25.0,40.0,0.8349416554005192
33.0,2.0,0.02,0.0,1.0,10.0,40.0,0.8349416554005192
33.0,2.0,0.02,0.0,0.8,10.0,40.0,0.8349416554005192
33.0,0.5,0.004,0.8,0.8,10.0,25.0,0.8345670719025797
33.0,0.5,0.02,0.8,0.8,25.0,25.0,0.8344867041935803
33.0,0.5,0.02,1.6,1.0,25.0,25.0,0.8343109945122933
33.0,2.0,0.006,1.6,1.0,10.0,40.0,0.8342133475465728
33.0,0.5,0.02,0.8,1.0,10.0,25.0,0.8335599492094019
33.0,0.5,0.05,0.0,0.8,10.0,25.0,0.8329107638762785
33.0,0.5,0.05,0.0,1.2,10.0,25.0,0.8329107638762785
33.0,0.5,0.05,0.0,0.8,25.0,25.0,0.8329107638762785
33.0,0.5,0.05,0.0,1.0,25.0,25.0,0.8329107638762785
33.0,0.5,0.05,0.0,1.2,25.0,25.0,0.8329107638762785
33.0,0.5,0.05,0.0,1.0,10.0,25.0,0.8329107638762785
33.0,2.0,0.004,1.6,0.8,25.0,40.0,0.832891475584576
33.0,2.0,0.006,0.8,0.8,10.0,40.0,0.8325589694072627
33.0,2.0,0.004,1.6,1.0,10.0,40.0,0.831599521853995
33.0,2.0,0.004,0.8,0.8,10.0,40.0,0.8299590896894602
33.0,0.5,0.02,0.8,1.2,10.0,25.0,0.8283817153456278
33.0,0.5,0.006,1.6,1.2,10.0,25.0,0.827994267402784
33.0,0.5,0.02,0.8,1.0,25.0,25.0,0.8279413884795944
33.0,0.5,0.02,1.6,1.2,25.0,25.0,0.8278708935282894
33.0,2.0,0.006,1.6,1.2,10.0,40.0,0.8277652680827604
33.0,0.5,0.006,0.8,0.8,25.0,25.0,0.8275291283915996
33.0,2.0,0.006,0.8,0.8,25.0,40.0,0.8273700027651659
33.0,0.5,0.006,1.6,1.0,25.0,25.0,0.8273084386293414
33.0,2.0,0.006,1.6,1.0,25.0,40.0,0.827250716414425
33.0,0.5,0.004,1.6,1.2,10.0,25.0,0.8268759112548018
33.0,2.0,0.006,0.8,1.0,10.0,40.0,0.8267576242043506
33.0,0.5,0.006,0.8,1.0,10.0,25.0,0.8264423145569528
33.0,0.5,0.004,0.8,0.8,25.0,25.0,0.8264418335537471
33.0,0.5,0.004,1.6,1.0,25.0,25.0,0.826213838138304
33.0,0.5,0.004,0.8,1.0,10.0,25.0,0.8253292914920092
33.0,2.0,0.004,1.6,1.2,10.0,40.0,0.8251144791980942
33.0,2.0,0.004,0.8,0.8,25.0,40.0,0.8247648301489447
33.0,0.5,0.02,0.8,1.2,25.0,25.0,0.8246702971866916
33.0,2.0,0.004,1.6,1.0,25.0,40.0,0.8246348912670761
33.0,2.0,0.004,0.8,1.0,10.0,40.0,0.8241148162238604
33.0,2.0,0.006,0.8,1.2,10.0,40.0,0.8234649966252666
33.0,2.0,0.006,0.8,1.0,25.0,40.0,0.8231987723612462
33.0,2.0,0.006,1.6,1.2,25.0,40.0,0.8231508690717261
33.0,0.5,0.02,0.0,1.0,10.0,25.0,0.8214372203546002
33.0,0.5,0.02,0.0,1.2,25.0,25.0,0.8214372203546002
33.0,0.5,0.02,0.0,1.2,10.0,25.0,0.8214372203546002
33.0,0.5,0.02,0.0,0.8,25.0,25.0,0.8214372203546002
33.0,0.5,0.02,0.0,1.0,25.0,25.0,0.8214372203546002
33.0,0.5,0.02,0.0,0.8,10.0,25.0,0.8214372203546002
33.0,0.5,0.006,0.8,1.2,10.0,25.0,0.8211866791697505
33.0,2.0,0.006,0.8,1.2,25.0,40.0,0.8211299419296746
33.0,0.5,0.006,0.8,1.0,25.0,25.0,0.8208210439333111
33.0,2.0,0.004,0.8,1.2,10.0,40.0,0.820805076712362
33.0,0.5,0.006,1.6,1.2,25.0,25.0,0.8207302263622369
33.0,2.0,0.004,0.8,1.0,25.0,40.0,0.8205565131051556
33.0,2.0,0.004,1.6,1.2,25.0,40.0,0.8205038206213792
33.0,0.5,0.004,0.8,1.2,10.0,25.0,0.8200617000435118
33.0,0.5,0.004,0.8,1.0,25.0,25.0,0.8197081509310613
33.0,0.5,0.004,1.6,1.2,25.0,25.0,0.8196140287112342
33.0,3.0,0.05,1.6,0.8,10.0,60.0,0.8193063305723272
33.0,2.0,0.006,0.0,1.0,25.0,40.0,0.8190967869800959
33.0,2.0,0.006,0.0,1.0,10.0,40.0,0.8190967869800959
33.0,2.0,0.006,0.0,0.8,10.0,40.0,0.8190967869800959
33.0,2.0,0.006,0.0,1.2,10.0,40.0,0.8190967869800959
33.0,2.0,0.006,0.0,1.2,25.0,40.0,0.8190967869800959
33.0,2.0,0.006,0.0,0.8,25.0,40.0,0.8190967869800959
33.0,2.0,0.004,0.8,1.2,25.0,40.0,0.8184724500489949
33.0,0.5,0.006,0.8,1.2,25.0,25.0,0.817483581736484
33.0,2.0,0.004,0.0,0.8,10.0,40.0,0.8164291238659712
33.0,2.0,0.004,0.0,1.2,25.0,40.0,0.8164291238659712
33.0,2.0,0.004,0.0,1.0,25.0,40.0,0.8164291238659712
33.0,2.0,0.004,0.0,0.8,25.0,40.0,0.8164291238659712
33.0,2.0,0.004,0.0,1.2,10.0,40.0,0.8164291238659712
33.0,2.0,0.004,0.0,1.0,10.0,40.0,0.8164291238659712
33.0,0.5,0.004,0.8,1.2,25.0,25.0,0.8163602487889344
33.0,0.5,0.006,0.0,1.0,25.0,25.0,0.8142063814626754
33.0,0.5,0.006,0.0,0.8,10.0,25.0,0.8142063814626754
33.0,0.5,0.006,0.0,1.0,10.0,25.0,0.8142063814626754
33.0,0.5,0.006,0.0,1.2,25.0,25.0,0.8142063814626754
33.0,0.5,0.006,0.0,0.8,25.0,25.0,0.8142063814626754
33.0,0.5,0.006,0.0,1.2,10.0,25.0,0.8142063814626754
33.0,0.5,0.004,0.0,1.0,10.0,25.0,0.8130761797123248
33.0,0.5,0.004,0.0,0.8,10.0,25.0,0.8130761797123248
33.0,0.5,0.004,0.0,1.2,25.0,25.0,0.8130761797123248
33.0,0.5,0.004,0.0,1.0,25.0,25.0,0.8130761797123248
33.0,0.5,0.004,0.0,0.8,25.0,25.0,0.8130761797123248
33.0,0.5,0.004,0.0,1.2,10.0,25.0,0.8130761797123248
33.0,3.0,0.05,1.6,0.8,25.0,60.0,0.8111079404251038
33.0,3.0,0.05,1.6,1.0,10.0,60.0,0.8107968242095198
33.0,3.0,0.05,0.8,0.8,10.0,60.0,0.8093023983026111
33.0,3.0,0.05,1.6,1.2,10.0,60.0,0.8058534608028618
33.0,3.0,0.05,0.8,0.8,25.0,60.0,0.8051175344700597
33.0,3.0,0.05,1.6,1.0,25.0,60.0,0.8051144685084076
33.0,3.0,0.05,0.8,1.0,10.0,60.0,0.8049625324709269
33.0,3.0,0.05,0.8,1.2,10.0,60.0,0.8024640075567409
33.0,3.0,0.05,1.6,1.2,25.0,60.0,0.8020941735244426
33.0,3.0,0.05,0.8,1.0,25.0,60.0,0.8020905364135931
33.0,3.0,0.05,0.8,1.2,25.0,60.0,0.800573244536863
33.0,3.0,0.05,0.0,1.0,25.0,60.0,0.7990476105586135
33.0,3.0,0.05,0.0,0.8,25.0,60.0,0.7990476105586135
33.0,3.0,0.05,0.0,0.8,10.0,60.0,0.7990476105586135
33.0,3.0,0.05,0.0,1.2,10.0,60.0,0.7990476105586135
33.0,3.0,0.05,0.0,1.0,10.0,60.0,0.7990476105586135
33.0,3.0,0.05,0.0,1.2,25.0,60.0,0.7990476105586135
33.0,3.0,0.02,1.6,0.8,10.0,60.0,0.7937035692169501
33.0,3.0,0.02,1.6,0.8,25.0,60.0,0.7858713858105706
33.0,3.0,0.02,1.6,1.0,10.0,60.0,0.7850969687678311
33.0,3.0,0.02,0.8,0.8,10.0,60.0,0.7837814731696049
33.0,3.0,0.02,1.6,1.2,10.0,60.0,0.7802158867732558
33.0,3.0,0.02,0.8,0.8,25.0,60.0,0.7798170664357594
33.0,3.0,0.02,1.6,1.0,25.0,60.0,0.779747243135763
33.0,3.0,0.02,0.8,1.0,10.0,60.0,0.7794305996512871
33.0,3.0,0.02,0.8,1.2,10.0,60.0,0.7769757345800639
33.0,3.0,0.02,0.8,1.0,25.0,60.0,0.7767388431915179
33.0,3.0,0.02,1.6,1.2,25.0,60.0,0.7767120973713897
33.0,3.0,0.02,0.8,1.2,25.0,60.0,0.7752177308224169
33.0,3.0,0.006,1.6,0.8,10.0,60.0,0.7738231837603549
33.0,3.0,0.02,0.0,0.8,10.0,60.0,0.7737211116776014
33.0,3.0,0.02,0.0,1.0,25.0,60.0,0.7737211116776014
33.0,3.0,0.02,0.0,0.8,25.0,60.0,0.7737211116776014
33.0,3.0,0.02,0.0,1.2,25.0,60.0,0.7737211116776014
33.0,3.0,0.02,0.0,1.0,10.0,60.0,0.7737211116776014
33.0,3.0,0.02,0.0,1.2,10.0,60.0,0.7737211116776014
33.0,1.0,0.05,1.6,0.8,10.0,40.0,0.7728926510677431
33.0,3.0,0.004,1.6,0.8,10.0,60.0,0.7703751912116726
33.0,3.0,0.006,1.6,0.8,25.0,60.0,0.7661798138565508
33.0,3.0,0.006,1.6,1.0,10.0,60.0,0.7650386397471151
33.0,3.0,0.006,0.8,0.8,10.0,60.0,0.7638435637219706
33.0,3.0,0.004,1.6,0.8,25.0,60.0,0.7627570862510424
33.0,3.0,0.004,1.6,1.0,10.0,60.0,0.7615445441531951
33.0,1.0,0.05,1.6,0.8,25.0,40.0,0.760661948324372
33.0,3.0,0.004,0.8,0.8,10.0,60.0,0.7603706492343324
33.0,3.0,0.006,1.6,1.2,10.0,60.0,0.7601345706342705
33.0,3.0,0.006,0.8,0.8,25.0,60.0,0.7599889373678256
33.0,3.0,0.006,1.6,1.0,25.0,60.0,0.7598640647228233
33.0,3.0,0.006,0.8,1.0,10.0,60.0,0.7594177316924045
33.0,1.0,0.05,1.6,1.0,10.0,40.0,0.7593419007576425
33.0,1.0,0.05,0.8,0.8,10.0,40.0,0.7573165866792841
33.0,3.0,0.006,0.8,1.2,10.0,60.0,0.7569562440312546
33.0,3.0,0.006,0.8,1.0,25.0,60.0,0.7568192305472924
33.0,3.0,0.006,1.6,1.2,25.0,60.0,0.7567678098598571
33.0,3.0,0.004,1.6,1.2,10.0,60.0,0.7566282491253937
33.0,3.0,0.004,0.8,0.8,25.0,60.0,0.7565305998344122
33.0,3.0,0.004,1.6,1.0,25.0,60.0,0.7563946988754973
33.0,3.0,0.004,0.8,1.0,10.0,60.0,0.7559231752882143
33.0,3.0,0.006,0.8,1.2,25.0,60.0,0.755268784034666
33.0,1.0,0.02,1.6,0.8,10.0,40.0,0.7550336958842792
33.0,3.0,0.006,0.0,0.8,10.0,60.0,0.7537684072323214
33.0,3.0,0.006,0.0,1.0,25.0,60.0,0.7537684072323214
33.0,3.0,0.006,0.0,1.0,10.0,60.0,0.7537684072323214
33.0,3.0,0.006,0.0,0.8,25.0,60.0,0.7537684072323214
33.0,3.0,0.006,0.0,1.2,25.0,60.0,0.7537684072323214
33.0,3.0,0.006,0.0,1.2,10.0,60.0,0.7537684072323214
33.0,3.0,0.004,0.8,1.2,10.0,60.0,0.7534561408189419
33.0,3.0,0.004,0.8,1.0,25.0,60.0,0.7533377750031707
33.0,3.0,0.004,1.6,1.2,25.0,60.0,0.7532814499435082
33.0,3.0,0.004,0.8,1.2,25.0,60.0,0.7517789282236104
33.0,1.0,0.05,1.6,1.2,10.0,40.0,0.751684879742019
33.0,1.0,0.05,0.8,0.8,25.0,40.0,0.7511332353869508
33.0,1.0,0.05,1.6,1.0,25.0,40.0,0.7510072154043493
33.0,1.0,0.05,0.8,1.0,10.0,40.0,0.7504753622203868
33.0,3.0,0.004,0.0,1.0,10.0,60.0,0.750275148417395
33.0,3.0,0.004,0.0,0.8,10.0,60.0,0.750275148417395
33.0,3.0,0.004,0.0,1.0,25.0,60.0,0.750275148417395
33.0,3.0,0.004,0.0,1.2,10.0,60.0,0.750275148417395
33.0,3.0,0.004,0.0,1.2,25.0,60.0,0.750275148417395
33.0,3.0,0.004,0.0,0.8,25.0,60.0,0.750275148417395
33.0,1.0,0.05,0.8,1.2,10.0,40.0,0.746630650240751
33.0,1.0,0.05,0.8,1.0,25.0,40.0,0.7462878988048363
33.0,1.0,0.05,1.6,1.2,25.0,40.0,0.7462385632014027
33.0,1.0,0.05,0.8,1.2,25.0,40.0,0.7439007389098995
33.0,1.0,0.02,1.6,0.8,25.0,40.0,0.7432573649847094
33.0,1.0,0.006,1.6,0.8,10.0,40.0,0.7423250809910729
33.0,1.0,0.05,0.0,1.2,10.0,40.0,0.7415615131545954
33.0,1.0,0.05,0.0,1.0,10.0,40.0,0.7415615131545954
33.0,1.0,0.05,0.0,0.8,25.0,40.0,0.7415615131545954
33.0,1.0,0.05,0.0,1.0,25.0,40.0,0.7415615131545954
33.0,1.0,0.05,0.0,0.8,10.0,40.0,0.7415615131545954
33.0,1.0,0.05,0.0,1.2,25.0,40.0,0.7415615131545954
33.0,1.0,0.02,1.6,1.0,10.0,40.0,0.7414701525127276
33.0,1.0,0.004,1.6,0.8,10.0,40.0,0.7402004687942149
33.0,1.0,0.02,0.8,0.8,10.0,40.0,0.7396426257277957
33.0,1.0,0.02,1.6,1.2,10.0,40.0,0.7339209378831825
33.0,1.0,0.02,0.8,0.8,25.0,40.0,0.7337207787824519
33.0,1.0,0.02,1.6,1.0,25.0,40.0,0.7335224912726731
33.0,1.0,0.02,0.8,1.0,10.0,40.0,0.7328263640544831
33.0,2.0,0.05,1.6,0.8,10.0,60.0,0.7322474430958594
33.0,1.0,0.006,1.6,0.8,25.0,40.0,0.730767179390634
33.0,1.0,0.02,0.8,1.2,10.0,40.0,0.729046189144152
33.0,1.0,0.02,0.8,1.0,25.0,40.0,0.7288448811251653
33.0,1.0,0.02,1.6,1.2,25.0,40.0,0.7287629443410745
33.0,1.0,0.004,1.6,0.8,25.0,40.0,0.728670602502381
33.0,1.0,0.006,1.6,1.0,10.0,40.0,0.7285532605701625
33.0,1.0,0.006,0.8,0.8,10.0,40.0,0.7268669087744848
33.0,1.0,0.02,0.8,1.2,25.0,40.0,0.7264648706139669
33.0,1.0,0.004,1.6,1.0,10.0,40.0,0.7263772714446708
33.0,1.0,0.004,0.8,0.8,10.0,40.0,0.7247147222147029
33.0,1.0,0.02,0.0,1.0,25.0,40.0,0.7241672918808574
33.0,1.0,0.02,0.0,1.2,10.0,40.0,0.7241672918808574
33.0,1.0,0.02,0.0,1.2,25.0,40.0,0.7241672918808574
33.0,1.0,0.02,0.0,1.0,10.0,40.0,0.7241672918808574
33.0,1.0,0.02,0.0,0.8,25.0,40.0,0.7241672918808574
33.0,1.0,0.02,0.0,0.8,10.0,40.0,0.7241672918808574
33.0,2.0,0.05,1.6,0.8,25.0,60.0,0.7232770042522777
33.0,2.0,0.05,1.6,1.0,10.0,60.0,0.7225104110246593
33.0,1.0,0.006,0.8,0.8,25.0,40.0,0.7210691772412333
33.0,2.0,0.05,0.8,0.8,10.0,60.0,0.720990027335833
33.0,1.0,0.006,1.6,1.2,10.0,40.0,0.7209712984892603
33.0,1.0,0.006,1.6,1.0,25.0,40.0,0.7208027804938877
33.0,1.0,0.006,0.8,1.0,10.0,40.0,0.7199558103324062
33.0,1.0,0.004,0.8,0.8,25.0,40.0,0.7189329830053279
33.0,1.0,0.004,1.6,1.2,10.0,40.0,0.7187811180918765
33.0,1.0,0.004,1.6,1.0,25.0,40.0,0.7186537645280581
33.0,1.0,0.004,0.8,1.0,10.0,40.0,0.7177787360168838
33.0,2.0,0.05,1.6,1.2,10.0,60.0,0.7170184924047028
33.0,2.0,0.05,0.8,0.8,25.0,60.0,0.7164976370416368
33.0,2.0,0.05,1.6,1.0,25.0,60.0,0.7164319864280632
33.0,1.0,0.006,0.8,1.2,10.0,40.0,0.7161632806895452
33.0,2.0,0.05,0.8,1.0,10.0,60.0,0.7161167819944019
33.0,1.0,0.006,0.8,1.0,25.0,40.0,0.716078518179096
33.0,1.0,0.006,1.6,1.2,25.0,40.0,0.7159661975526455
33.0,1.0,0.004,0.8,1.2,10.0,40.0,0.7139795877517773
33.0,1.0,0.004,0.8,1.0,25.0,40.0,0.7139156941085378
33.0,1.0,0.004,1.6,1.2,25.0,40.0,0.7137976836582433
33.0,1.0,0.006,0.8,1.2,25.0,40.0,0.713660432111986
33.0,2.0,0.05,0.8,1.2,10.0,60.0,0.7133704038896033
33.0,2.0,0.05,0.8,1.0,25.0,60.0,0.7130758078792937
33.0,2.0,0.05,1.6,1.2,25.0,60.0,0.7130519108704468
33.0,2.0,0.02,1.6,0.8,10.0,60.0,0.7123386573266015
33.0,1.0,0.004,0.8,1.2,25.0,40.0,0.7114878517083332
33.0,2.0,0.05,0.8,1.2,25.0,60.0,0.7113864044702622
33.0,1.0,0.006,0.0,1.2,25.0,40.0,0.7113557334011976
33.0,1.0,0.006,0.0,1.2,10.0,40.0,0.7113557334011976
33.0,1.0,0.006,0.0,0.8,25.0,40.0,0.7113557334011976
33.0,1.0,0.006,0.0,1.0,25.0,40.0,0.7113557334011976
33.0,1.0,0.006,0.0,1.0,10.0,40.0,0.7113557334011976
33.0,1.0,0.006,0.0,0.8,10.0,40.0,0.7113557334011976
33.0,2.0,0.05,0.0,1.0,25.0,60.0,0.7097214165731016
33.0,2.0,0.05,0.0,1.2,10.0,60.0,0.7097214165731016
33.0,2.0,0.05,0.0,1.0,10.0,60.0,0.7097214165731016
33.0,2.0,0.05,0.0,1.2,25.0,60.0,0.7097214165731016
33.0,2.0,0.05,0.0,0.8,10.0,60.0,0.7097214165731016
33.0,2.0,0.05,0.0,0.8,25.0,60.0,0.7097214165731016
33.0,1.0,0.004,0.0,0.8,10.0,40.0,0.7091791388033033
33.0,1.0,0.004,0.0,0.8,25.0,40.0,0.7091791388033033
33.0,1.0,0.004,0.0,1.0,10.0,40.0,0.7091791388033033
33.0,1.0,0.004,0.0,1.0,25.0,40.0,0.7091791388033033
33.0,1.0,0.004,0.0,1.2,25.0,40.0,0.7091791388033033
33.0,1.0,0.004,0.0,1.2,10.0,40.0,0.7091791388033033
33.0,2.0,0.02,1.6,0.8,25.0,60.0,0.7042263552569689
33.0,2.0,0.02,1.6,1.0,10.0,60.0,0.702994373227392
33.0,2.0,0.02,0.8,0.8,10.0,60.0,0.7017440456195863
33.0,2.0,0.02,1.6,1.2,10.0,60.0,0.6978316587151946
33.0,2.0,0.02,0.8,0.8,25.0,60.0,0.697701883555347
33.0,2.0,0.02,1.6,1.0,25.0,60.0,0.6975619444179804
33.0,0.5,0.05,1.6,0.8,10.0,40.0,0.6974368625759461
33.0,2.0,0.02,0.8,1.0,10.0,60.0,0.6970854808986382
33.0,2.0,0.006,1.6,0.8,10.0,60.0,0.694620784224501
33.0,2.0,0.02,0.8,1.2,10.0,60.0,0.6945101498641864
33.0,2.0,0.02,0.8,1.0,25.0,60.0,0.6943753150299944
33.0,2.0,0.02,1.6,1.2,25.0,60.0,0.6943178657485753
33.0,2.0,0.02,0.8,1.2,25.0,60.0,0.6927553609686473
33.0,2.0,0.004,1.6,0.8,10.0,60.0,0.6913609010167845
33.0,2.0,0.02,0.0,0.8,10.0,60.0,0.6911944882932388
33.0,2.0,0.02,0.0,0.8,25.0,60.0,0.6911944882932388
33.0,2.0,0.02,0.0,1.0,10.0,60.0,0.6911944882932388
33.0,2.0,0.02,0.0,1.0,25.0,60.0,0.6911944882932388
33.0,2.0,0.02,0.0,1.2,10.0,60.0,0.6911944882932388
33.0,2.0,0.02,0.0,1.2,25.0,60.0,0.6911944882932388
33.0,2.0,0.006,1.6,0.8,25.0,60.0,0.6868632970616191
33.0,0.5,0.02,1.6,0.8,10.0,40.0,0.6859352323109834
33.0,0.5,0.05,1.6,0.8,25.0,40.0,0.6853010853968988
33.0,2.0,0.006,1.6,1.0,10.0,60.0,0.6851573702556703
33.0,2.0,0.006,0.8,0.8,10.0,60.0,0.6840829446652599
33.0,2.0,0.004,1.6,0.8,25.0,60.0,0.6836460426497107
33.0,0.5,0.05,1.6,1.0,10.0,40.0,0.6830004276432982
33.0,2.0,0.004,1.6,1.0,10.0,60.0,0.6818459949898831
33.0,0.5,0.05,0.8,0.8,10.0,40.0,0.6812442589637572
33.0,2.0,0.004,0.8,0.8,10.0,60.0,0.6808012201254894
33.0,2.0,0.006,0.8,0.8,25.0,60.0,0.6802267500130437
33.0,2.0,0.006,1.6,1.2,10.0,60.0,0.6800180038695792
33.0,2.0,0.006,1.6,1.0,25.0,60.0,0.6800099795057499
33.0,2.0,0.006,0.8,1.0,10.0,60.0,0.6793690419447186
33.0,0.5,0.006,1.6,0.8,10.0,40.0,0.6772243206319518
33.0,2.0,0.004,0.8,0.8,25.0,60.0,0.6769673988692385
33.0,2.0,0.006,0.8,1.2,10.0,60.0,0.6768075967476523
33.0,2.0,0.006,0.8,1.0,25.0,60.0,0.676804718837481
33.0,2.0,0.004,1.6,1.0,25.0,60.0,0.6767352602294398
33.0,2.0,0.006,1.6,1.2,25.0,60.0,0.6767133736859133
33.0,2.0,0.004,1.6,1.2,10.0,60.0,0.6766947179775556
33.0,2.0,0.004,0.8,1.0,10.0,60.0,0.6760617654662079
33.0,0.5,0.004,1.6,0.8,10.0,40.0,0.6757730447251671
33.0,0.5,0.05,0.8,0.8,25.0,40.0,0.6752244402176343
33.0,2.0,0.006,0.8,1.2,25.0,60.0,0.6751586129412729
33.0,0.5,0.05,1.6,1.2,10.0,40.0,0.6751185156255753
33.0,0.5,0.05,1.6,1.0,25.0,40.0,0.6749405568070455
33.0,0.5,0.02,1.6,0.8,25.0,40.0,0.6742000916000589
33.0,0.5,0.05,0.8,1.0,10.0,40.0,0.6740664244368073
33.0,2.0,0.006,0.0,0.8,25.0,60.0,0.673605770930652
33.0,2.0,0.006,0.0,1.0,25.0,60.0,0.673605770930652
33.0,2.0,0.006,0.0,0.8,10.0,60.0,0.673605770930652
33.0,2.0,0.006,0.0,1.2,25.0,60.0,0.673605770930652
33.0,2.0,0.006,0.0,1.2,10.0,60.0,0.673605770930652
33.0,2.0,0.006,0.0,1.0,10.0,60.0,0.673605770930652
33.0,2.0,0.004,0.8,1.0,25.0,60.0,0.6735161936690343
33.0,2.0,0.004,0.8,1.2,10.0,60.0,0.6734945967640843
33.0,2.0,0.004,1.6,1.2,25.0,60.0,0.6734181296392211
33.0,2.0,0.004,0.8,1.2,25.0,60.0,0.671859790481513
33.0,0.5,0.02,1.6,1.0,10.0,40.0,0.6714816312286744
33.0,2.0,0.004,0.0,0.8,25.0,60.0,0.6703033887241208
33.0,2.0,0.004,0.0,1.2,25.0,60.0,0.6703033887241208
33.0,2.0,0.004,0.0,1.0,25.0,60.0,0.6703033887241208
33.0,2.0,0.004,0.0,0.8,10.0,60.0,0.6703033887241208
33.0,2.0,0.004,0.0,1.2,10.0,60.0,0.6703033887241208
33.0,2.0,0.004,0.0,1.0,10.0,60.0,0.6703033887241208
33.0,0.5,0.05,0.8,1.2,10.0,40.0,0.6701453535555931
33.0,0.5,0.05,0.8,1.0,25.0,40.0,0.6700586093056479
33.0,0.5,0.05,1.6,1.2,25.0,40.0,0.6699394834459594
33.0,0.5,0.02,0.8,0.8,10.0,40.0,0.6698985979174047
33.0,0.5,0.05,0.8,1.2,25.0,40.0,0.6675640972989453
33.0,0.5,0.006,1.6,0.8,25.0,40.0,0.6656828582438785
33.0,0.5,0.05,0.0,1.2,25.0,40.0,0.6651937564487779
33.0,0.5,0.05,0.0,0.8,25.0,40.0,0.6651937564487779
33.0,0.5,0.05,0.0,1.2,10.0,40.0,0.6651937564487779
33.0,0.5,0.05,0.0,1.0,10.0,40.0,0.6651937564487779
33.0,0.5,0.05,0.0,1.0,25.0,40.0,0.6651937564487779
33.0,0.5,0.05,0.0,0.8,10.0,40.0,0.6651937564487779
33.0,0.5,0.004,1.6,0.8,25.0,40.0,0.664257492443724
33.0,0.5,0.02,0.8,0.8,25.0,40.0,0.6640913356942452
33.0,0.5,0.02,1.6,1.0,25.0,40.0,0.6637387646322012
33.0,0.5,0.02,1.6,1.2,10.0,40.0,0.6636752036893383
33.0,0.5,0.02,0.8,1.0,10.0,40.0,0.6627199111185399
33.0,0.5,0.006,1.6,1.0,10.0,40.0,0.662579267717201
33.0,0.5,0.006,0.8,0.8,10.0,40.0,0.6611222380392332
33.0,0.5,0.004,1.6,1.0,10.0,40.0,0.6610868377917432
33.0,0.5,0.004,0.8,0.8,10.0,40.0,0.6596502646770016
33.0,0.5,0.02,0.8,1.0,25.0,40.0,0.6588750482236144
33.0,0.5,0.02,0.8,1.2,10.0,40.0,0.6588398011364173
33.0,0.5,0.02,1.6,1.2,25.0,40.0,0.6587255239056571
33.0,0.5,0.02,0.8,1.2,25.0,40.0,0.6563747989561838
33.0,0.5,0.006,0.8,0.8,25.0,40.0,0.6554182539999271
33.0,0.5,0.006,1.6,1.0,25.0,40.0,0.655002049944844
33.0,0.5,0.006,1.6,1.2,10.0,40.0,0.6547364642656709
33.0,0.5,0.02,0.0,1.0,10.0,40.0,0.6540295581340261
33.0,0.5,0.02,0.0,1.2,25.0,40.0,0.6540295581340261
33.0,0.5,0.02,0.0,1.2,10.0,40.0,0.6540295581340261
33.0,0.5,0.02,0.0,0.8,10.0,40.0,0.6540295581340261
33.0,0.5,0.02,0.0,0.8,25.0,40.0,0.6540295581340261
33.0,0.5,0.02,0.0,1.0,25.0,40.0,0.6540295581340261
33.0,0.5,0.004,0.8,0.8,25.0,40.0,0.6539601598370544
33.0,0.5,0.006,0.8,1.0,10.0,40.0,0.6538496577606264
33.0,0.5,0.004,1.6,1.0,25.0,40.0,0.6535328454847211
33.0,0.5,0.004,1.6,1.2,10.0,40.0,0.6532330543261149
33.0,0.5,0.004,0.8,1.0,10.0,40.0,0.6523572417262933
33.0,0.5,0.006,0.8,1.0,25.0,40.0,0.6500900746405197
33.0,0.5,0.006,0.8,1.2,10.0,40.0,0.6499528067157926
33.0,0.5,0.006,1.6,1.2,25.0,40.0,0.6499126578595577
33.0,0.5,0.004,0.8,1.0,25.0,40.0,0.6486096280389497
33.0,0.5,0.004,0.8,1.2,10.0,40.0,0.6484550942422239
33.0,0.5,0.004,1.6,1.2,25.0,40.0,0.64842736043276
33.0,0.5,0.006,0.8,1.2,25.0,40.0,0.6475516207838163
33.0,0.5,0.004,0.8,1.2,25.0,40.0,0.6460630919067719
33.0,0.5,0.006,0.0,1.0,25.0,40.0,0.6451962001451804
33.0,0.5,0.006,0.0,1.2,10.0,40.0,0.6451962001451804
33.0,0.5,0.006,0.0,1.2,25.0,40.0,0.6451962001451804
33.0,0.5,0.006,0.0,1.0,10.0,40.0,0.6451962001451804
33.0,0.5,0.006,0.0,0.8,25.0,40.0,0.6451962001451804
33.0,0.5,0.006,0.0,0.8,10.0,40.0,0.6451962001451804
33.0,0.5,0.004,0.0,1.2,25.0,40.0,0.6437044534709112
33.0,0.5,0.004,0.0,1.0,10.0,40.0,0.6437044534709112
33.0,0.5,0.004,0.0,1.2,10.0,40.0,0.6437044534709112
33.0,0.5,0.004,0.0,0.8,25.0,40.0,0.6437044534709112
33.0,0.5,0.004,0.0,0.8,10.0,40.0,0.6437044534709112
33.0,0.5,0.004,0.0,1.0,25.0,40.0,0.6437044534709112
33.0,1.0,0.05,1.6,0.8,10.0,60.0,0.619652627166107
33.0,1.0,0.05,1.6,0.8,25.0,60.0,0.6111209753591769
33.0,1.0,0.05,1.6,1.0,10.0,60.0,0.6094185310267501
33.0,1.0,0.05,0.8,0.8,10.0,60.0,0.6082090940180989
33.0,1.0,0.02,1.6,0.8,10.0,60.0,0.6070820268761187
33.0,1.0,0.05,0.8,0.8,25.0,60.0,0.6039963222074143
33.0,1.0,0.05,1.6,1.2,10.0,60.0,0.6038689194596046
33.0,1.0,0.05,1.6,1.0,25.0,60.0,0.6037752908079254
33.0,1.0,0.05,0.8,1.0,10.0,60.0,0.6031405681529415
33.0,1.0,0.05,0.8,1.2,10.0,60.0,0.6003837239818958
33.0,1.0,0.05,0.8,1.0,25.0,60.0,0.6003390053089389
33.0,1.0,0.05,1.6,1.2,25.0,60.0,0.600247427323659
33.0,1.0,0.02,1.6,0.8,25.0,60.0,0.5992325619354693
33.0,1.0,0.05,0.8,1.2,25.0,60.0,0.5985800015666436
33.0,1.0,0.02,1.6,1.0,10.0,60.0,0.5970215083692412
33.0,1.0,0.05,0.0,1.2,25.0,60.0,0.596916315443119
33.0,1.0,0.05,0.0,1.2,10.0,60.0,0.596916315443119
33.0,1.0,0.05,0.0,1.0,25.0,60.0,0.596916315443119
33.0,1.0,0.05,0.0,1.0,10.0,60.0,0.596916315443119
33.0,1.0,0.05,0.0,0.8,25.0,60.0,0.596916315443119
33.0,1.0,0.05,0.0,0.8,10.0,60.0,0.596916315443119
33.0,1.0,0.02,0.8,0.8,10.0,60.0,0.596056536028225
33.0,1.0,0.006,1.6,0.8,10.0,60.0,0.5940662162371114
33.0,1.0,0.02,0.8,0.8,25.0,60.0,0.592188958983119
33.0,1.0,0.02,1.6,1.0,25.0,60.0,0.5918833006638531
33.0,1.0,0.02,1.6,1.2,10.0,60.0,0.5916695839668799
33.0,1.0,0.004,1.6,0.8,10.0,60.0,0.5916536720817658
33.0,1.0,0.02,0.8,1.0,10.0,60.0,0.5910765727694712
33.0,1.0,0.02,0.8,1.0,25.0,60.0,0.5885289609019105
33.0,1.0,0.02,0.8,1.2,10.0,60.0,0.5884195085720635
33.0,1.0,0.02,1.6,1.2,25.0,60.0,0.5884003521408883
33.0,1.0,0.02,0.8,1.2,25.0,60.0,0.5867924040232236
33.0,1.0,0.006,1.6,0.8,25.0,60.0,0.5865803108590737
33.0,1.0,0.02,0.0,1.2,25.0,60.0,0.5851882913365638
33.0,1.0,0.02,0.0,1.2,10.0,60.0,0.5851882913365638
33.0,1.0,0.02,0.0,1.0,25.0,60.0,0.5851882913365638
33.0,1.0,0.02,0.0,1.0,10.0,60.0,0.5851882913365638
33.0,1.0,0.02,0.0,0.8,10.0,60.0,0.5851882913365638
33.0,1.0,0.02,0.0,0.8,25.0,60.0,0.5851882913365638
33.0,1.0,0.004,1.6,0.8,25.0,60.0,0.5842173265007885
33.0,1.0,0.006,1.6,1.0,10.0,60.0,0.5838928564348176
33.0,1.0,0.006,0.8,0.8,10.0,60.0,0.5831058160941107
33.0,1.0,0.004,1.6,1.0,10.0,60.0,0.5814474081879338
33.0,1.0,0.004,0.8,0.8,10.0,60.0,0.5806886786292125
33.0,1.0,0.006,0.8,0.8,25.0,60.0,0.5794242619353561
33.0,1.0,0.006,1.6,1.0,25.0,60.0,0.5790391166493134
33.0,1.0,0.006,1.6,1.2,10.0,60.0,0.5785691995261055
33.0,1.0,0.006,0.8,1.0,10.0,60.0,0.5780721474195787
33.0,1.0,0.004,0.8,0.8,25.0,60.0,0.5770326046664399
33.0,1.0,0.004,1.6,1.0,25.0,60.0,0.5766336809020656
33.0,1.0,0.004,1.6,1.2,10.0,60.0,0.57612111589022
33.0,1.0,0.006,0.8,1.0,25.0,60.0,0.5756682776839077
33.0,1.0,0.004,0.8,1.0,10.0,60.0,0.5756391301280326
33.0,1.0,0.006,1.6,1.2,25.0,60.0,0.5755054093052773
33.0,1.0,0.006,0.8,1.2,10.0,60.0,0.5754303949339006
33.0,1.0,0.006,0.8,1.2,25.0,60.0,0.5739065203947203
33.0,1.0,0.004,0.8,1.0,25.0,60.0,0.5732555041603988
33.0,1.0,0.004,1.6,1.2,25.0,60.0,0.5730867391581231
33.0,1.0,0.004,0.8,1.2,10.0,60.0,0.5729962719275797
33.0,1.0,0.006,0.0,0.8,10.0,60.0,0.572311658525063
33.0,1.0,0.006,0.0,0.8,25.0,60.0,0.572311658525063
33.0,1.0,0.006,0.0,1.0,25.0,60.0,0.572311658525063
33.0,1.0,0.006,0.0,1.2,10.0,60.0,0.572311658525063
33.0,1.0,0.006,0.0,1.2,25.0,60.0,0.572311658525063
33.0,1.0,0.006,0.0,1.0,10.0,60.0,0.572311658525063
33.0,1.0,0.004,0.8,1.2,25.0,60.0,0.5714871804549478
33.0,1.0,0.004,0.0,0.8,25.0,60.0,0.5698916887002041
33.0,1.0,0.004,0.0,1.2,10.0,60.0,0.5698916887002041
33.0,1.0,0.004,0.0,1.0,25.0,60.0,0.5698916887002041
33.0,1.0,0.004,0.0,1.0,10.0,60.0,0.5698916887002041
33.0,1.0,0.004,0.0,1.2,25.0,60.0,0.5698916887002041
33.0,1.0,0.004,0.0,0.8,10.0,60.0,0.5698916887002041
33.0,0.5,0.05,1.6,0.8,10.0,60.0,0.5469566376236012
33.0,0.5,0.05,1.6,0.8,25.0,60.0,0.5390590392572857
33.0,0.5,0.02,1.6,0.8,10.0,60.0,0.5389728653721045
33.0,0.5,0.05,1.6,1.0,10.0,60.0,0.5364337729083548
33.0,0.5,0.05,0.8,0.8,10.0,60.0,0.535561067976984
33.0,0.5,0.05,0.8,0.8,25.0,60.0,0.5316864494603144
33.0,0.5,0.02,1.6,0.8,25.0,60.0,0.531475151316608
33.0,0.5,0.006,1.6,0.8,10.0,60.0,0.5313132335197285
33.0,0.5,0.05,1.6,1.0,25.0,60.0,0.5313076976686423
33.0,0.5,0.05,1.6,1.2,10.0,60.0,0.5309167962694349
33.0,0.5,0.05,0.8,1.0,10.0,60.0,0.5303686433270054
33.0,0.5,0.004,1.6,0.8,10.0,60.0,0.529965497548813
33.0,0.5,0.02,1.6,1.0,10.0,60.0,0.5285412889861002
33.0,0.5,0.05,0.8,1.0,25.0,60.0,0.5278326479297791
33.0,0.5,0.02,0.8,0.8,10.0,60.0,0.5278139124770703
33.0,0.5,0.05,1.6,1.2,25.0,60.0,0.5276739821872339
33.0,0.5,0.05,0.8,1.2,10.0,60.0,0.527634574922836
33.0,0.5,0.05,0.8,1.2,25.0,60.0,0.5260224695399869
33.0,0.5,0.05,0.0,0.8,10.0,60.0,0.5243758798808495
33.0,0.5,0.05,0.0,0.8,25.0,60.0,0.5243758798808495
33.0,0.5,0.05,0.0,1.2,25.0,60.0,0.5243758798808495
33.0,0.5,0.05,0.0,1.0,10.0,60.0,0.5243758798808495
33.0,0.5,0.05,0.0,1.0,25.0,60.0,0.5243758798808495
33.0,0.5,0.05,0.0,1.2,10.0,60.0,0.5243758798808495
33.0,0.5,0.02,0.8,0.8,25.0,60.0,0.5241398272720946
33.0,0.5,0.006,1.6,0.8,25.0,60.0,0.5240827989571842
33.0,0.5,0.02,1.6,1.0,25.0,60.0,0.5237092624828733
33.0,0.5,0.02,1.6,1.2,10.0,60.0,0.5231379716113866
33.0,0.5,0.004,1.6,0.8,25.0,60.0,0.5227753201468265
33.0,0.5,0.02,0.8,1.0,10.0,60.0,0.5226689292084403
33.0,0.5,0.006,1.6,1.0,10.0,60.0,0.5208815620344611
33.0,0.5,0.02,0.8,1.0,25.0,60.0,0.5202799208742382
33.0,0.5,0.006,0.8,0.8,10.0,60.0,0.5202657708688678
33.0,0.5,0.02,1.6,1.2,25.0,60.0,0.5200990651620476
33.0,0.5,0.02,0.8,1.2,10.0,60.0,0.5199919663317282
33.0,0.5,0.004,1.6,1.0,10.0,60.0,0.5195309974246675
33.0,0.5,0.004,0.8,0.8,10.0,60.0,0.5189326772359596
33.0,0.5,0.02,0.8,1.2,25.0,60.0,0.5184817324159923
33.0,0.5,0.02,0.0,0.8,10.0,60.0,0.516869411639103
33.0,0.5,0.02,0.0,0.8,25.0,60.0,0.516869411639103
33.0,0.5,0.02,0.0,1.0,25.0,60.0,0.516869411639103
33.0,0.5,0.02,0.0,1.2,10.0,60.0,0.516869411639103
33.0,0.5,0.02,0.0,1.2,25.0,60.0,0.516869411639103
33.0,0.5,0.02,0.0,1.0,10.0,60.0,0.516869411639103
33.0,0.5,0.006,0.8,0.8,25.0,60.0,0.5167275621316532
33.0,0.5,0.006,1.6,1.0,25.0,60.0,0.5162520983412794
33.0,0.5,0.006,1.6,1.2,10.0,60.0,0.5155337062032876
33.0,0.5,0.004,0.8,0.8,25.0,60.0,0.5154150278977666
33.0,0.5,0.006,0.8,1.0,10.0,60.0,0.5151246597719067
33.0,0.5,0.004,1.6,1.0,25.0,60.0,0.5149323287629936
33.0,0.5,0.004,1.6,1.2,10.0,60.0,0.5141906472049403
33.0,0.5,0.004,0.8,1.0,10.0,60.0,0.5137909456926057
33.0,0.5,0.006,0.8,1.0,25.0,60.0,0.5128375136304133
33.0,0.5,0.006,1.6,1.2,25.0,60.0,0.5126376277788365
33.0,0.5,0.006,0.8,1.2,10.0,60.0,0.5124763414076623
33.0,0.5,0.004,0.8,1.0,25.0,60.0,0.5115193097833184
33.0,0.5,0.004,1.6,1.2,25.0,60.0,0.5113163740429818
33.0,0.5,0.004,0.8,1.2,10.0,60.0,0.5111465623042366
33.0,0.5,0.006,0.8,1.2,25.0,60.0,0.5110376621458569
33.0,0.5,0.004,0.8,1.2,25.0,60.0,0.5097188134837439
33.0,0.5,0.006,0.0,1.0,10.0,60.0,0.5094429405567069
33.0,0.5,0.006,0.0,1.0,25.0,60.0,0.5094429405567069
33.0,0.5,0.006,0.0,1.2,10.0,60.0,0.5094429405567069
33.0,0.5,0.006,0.0,0.8,25.0,60.0,0.5094429405567069
33.0,0.5,0.006,0.0,1.2,25.0,60.0,0.5094429405567069
33.0,0.5,0.006,0.0,0.8,10.0,60.0,0.5094429405567069
33.0,0.5,0.004,0.0,1.0,10.0,60.0,0.5081265440015587
33.0,0.5,0.004,0.0,1.2,25.0,60.0,0.5081265440015587
33.0,0.5,0.004,0.0,1.0,25.0,60.0,0.5081265440015587
33.0,0.5,0.004,0.0,0.8,25.0,60.0,0.5081265440015587
33.0,0.5,0.004,0.0,1.2,10.0,60.0,0.5081265440015587
33.0,0.5,0.004,0.0,0.8,10.0,60.0,0.5081265440015587
