t_star,a,k,tail_B,tail_p,sigma,r0,p
25.0,0.3,0.02,0.0,0.7,15.0,0.7624466959140871,0.014985014985014986
35.0,0.6,0.04,0.0,1.3,15.0,0.7715652740520746,0.014985014985014986
30.0,0.6,0.02,0.0,1.0,15.0,0.770695449750671,0.014985014985014986
25.0,0.3,0.08,0.5,1.3,15.0,0.7685952852802134,0.014985014985014986
30.0,0.3,0.02,0.0,0.7,15.0,0.7630827474610747,0.014985014985014986
25.0,0.3,0.08,0.5,1.0,15.0,0.7687068126133974,0.014985014985014986
30.0,0.6,0.02,0.0,0.7,15.0,0.770695449750671,0.014985014985014986
30.0,0.3,0.02,0.0,1.0,15.0,0.7630827474610747,0.014985014985014986
25.0,0.3,0.08,0.5,0.7,15.0,0.7699125093331624,0.014985014985014986
35.0,0.3,0.02,0.5,1.0,15.0,0.7667336420787766,0.014985014985014986
25.0,0.3,0.08,0.2,1.3,15.0,0.7683803713076159,0.014985014985014986
35.0,0.3,0.02,0.5,1.3,15.0,0.7653558288277729,0.014985014985014986
30.0,0.3,0.02,0.0,1.3,15.0,0.7630827474610747,0.014985014985014986
25.0,0.3,0.08,0.2,1.0,15.0,0.7685004954484697,0.014985014985014986
35.0,0.3,0.02,0.5,0.7,15.0,0.7723608265106868,0.014985014985014986
30.0,0.3,0.02,0.2,0.7,15.0,0.762963276429851,0.014985014985014986
25.0,0.3,0.08,0.2,0.7,15.0,0.7684361777660241,0.014985014985014986
25.0,0.3,0.08,0.0,1.3,15.0,0.7681969517311925,0.014985014985014986
35.0,0.6,0.08,0.0,1.0,15.0,0.7736097026290482,0.014985014985014986
30.0,0.3,0.08,0.5,1.0,15.0,0.7688716390149971,0.014985014985014986
25.0,0.3,0.08,0.0,1.0,15.0,0.7681969517311925,0.014985014985014986
35.0,0.6,0.08,0.0,1.3,15.0,0.7736097026290482,0.014985014985014986
30.0,0.3,0.02,0.2,1.0,15.0,0.7633320555279001,0.014985014985014986
30.0,0.3,0.08,0.5,1.3,15.0,0.7681664416690045,0.014985014985014986
25.0,0.3,0.08,0.0,0.7,15.0,0.7681969517311925,0.014985014985014986
35.0,0.6,0.04,0.0,1.0,15.0,0.7715652740520746,0.014985014985014986
35.0,0.6,0.04,0.0,0.7,15.0,0.7715652740520746,0.014985014985014986
35.0,0.3,0.08,0.0,1.0,15.0,0.7617486730552395,0.014985014985014986
35.0,0.3,0.04,0.5,1.3,15.0,0.7663746327845047,0.014985014985014986
35.0,0.3,0.08,0.0,1.3,15.0,0.7617486730552395,0.014985014985014986
35.0,0.3,0.04,0.5,1.0,15.0,0.7694405084547684,0.014985014985014986
35.0,0.3,0.08,0.2,0.7,15.0,0.7686896767332385,0.014985014985014986
35.0,0.3,0.04,0.5,0.7,15.0,0.7712797108473504,0.014985014985014986
35.0,0.3,0.08,0.2,1.0,15.0,0.7676943150229413,0.014985014985014986
35.0,0.3,0.08,0.2,1.3,15.0,0.7657631254790923,0.014985014985014986
35.0,0.3,0.04,0.2,1.3,15.0,0.7624065710520651,0.014985014985014986
35.0,0.3,0.08,0.5,0.7,15.0,0.7740071630170141,0.014985014985014986
30.0,0.6,0.02,0.0,1.3,15.0,0.770695449750671,0.014985014985014986
35.0,0.3,0.04,0.2,1.0,15.0,0.763261787485419,0.014985014985014986
35.0,0.3,0.08,0.5,1.3,15.0,0.7693805757513472,0.014985014985014986
35.0,0.3,0.04,0.2,0.7,15.0,0.7660251508858605,0.014985014985014986
35.0,0.6,0.02,0.0,0.7,15.0,0.7704419836694757,0.014985014985014986
35.0,0.6,0.02,0.0,1.0,15.0,0.7704419836694757,0.014985014985014986
35.0,0.3,0.04,0.0,1.3,15.0,0.7606428269828968,0.014985014985014986
35.0,0.6,0.02,0.0,1.3,15.0,0.7704419836694757,0.014985014985014986
30.0,0.3,0.04,0.5,1.0,15.0,0.765598553804042,0.014985014985014986
35.0,0.3,0.04,0.0,1.0,15.0,0.7606428269828968,0.014985014985014986
35.0,0.3,0.02,0.0,0.7,15.0,0.7624316358800617,0.014985014985014986
35.0,0.3,0.04,0.0,0.7,15.0,0.7606428269828968,0.014985014985014986
35.0,0.3,0.08,0.5,1.0,15.0,0.7701428181828991,0.014985014985014986
35.0,0.3,0.02,0.2,1.3,15.0,0.7645082111624905,0.014985014985014986
35.0,0.6,0.08,0.0,0.7,15.0,0.7736097026290482,0.014985014985014986
30.0,0.3,0.02,0.2,1.3,15.0,0.7633306585211755,0.014985014985014986
30.0,0.3,0.08,0.2,0.7,15.0,0.7683849770174569,0.014985014985014986
25.0,0.3,0.04,0.0,0.7,15.0,0.7621601860013661,0.014985014985014986
30.0,0.3,0.04,0.0,1.0,15.0,0.7614777202366593,0.014985014985014986
25.0,0.3,0.02,0.5,1.3,15.0,0.7626266665484267,0.014985014985014986
30.0,0.3,0.04,0.0,1.3,15.0,0.7614777202366593,0.014985014985014986
25.0,0.3,0.04,0.5,1.3,15.0,0.7635925734055717,0.014985014985014986
30.0,0.3,0.08,0.0,1.3,15.0,0.7658354784872505,0.014985014985014986
35.0,0.3,0.02,0.0,1.3,15.0,0.7624316358800617,0.014985014985014986
25.0,0.3,0.02,0.5,0.7,15.0,0.7659418576585142,0.014985014985014986
30.0,0.3,0.04,0.2,0.7,15.0,0.7648078604026854,0.014985014985014986
35.0,0.3,0.02,0.2,0.7,15.0,0.7642362444164404,0.014985014985014986
25.0,0.3,0.02,0.2,1.3,15.0,0.7625376653244506,0.014985014985014986
30.0,0.3,0.04,0.2,1.0,15.0,0.7625819343996522,0.014985014985014986
25.0,0.3,0.02,0.2,1.0,15.0,0.762503520111972,0.014985014985014986
35.0,0.3,0.02,0.0,1.0,15.0,0.7624316358800617,0.014985014985014986
25.0,0.3,0.02,0.2,0.7,15.0,0.7628316430175137,0.014985014985014986
30.0,0.3,0.04,0.2,1.3,15.0,0.7618968086725444,0.014985014985014986
30.0,0.3,0.08,0.0,0.7,15.0,0.7658354784872505,0.014985014985014986
25.0,0.3,0.02,0.0,1.3,15.0,0.7624466959140871,0.014985014985014986
30.0,0.3,0.04,0.5,0.7,15.0,0.7687636950697719,0.014985014985014986
25.0,0.3,0.02,0.0,1.0,15.0,0.7624466959140871,0.014985014985014986
30.0,0.3,0.04,0.5,1.3,15.0,0.7631225233330241,0.014985014985014986
30.0,0.3,0.08,0.0,1.0,15.0,0.7658354784872505,0.014985014985014986
25.0,0.3,0.04,0.0,1.0,15.0,0.7621601860013661,0.014985014985014986
25.0,0.3,0.02,0.5,1.0,15.0,0.7631273367348804,0.014985014985014986
30.0,0.3,0.04,0.0,0.7,15.0,0.7614777202366593,0.014985014985014986
30.0,0.3,0.08,0.5,0.7,15.0,0.7695970938320038,0.014985014985014986
25.0,0.3,0.04,0.5,1.0,15.0,0.7653237265863981,0.014985014985014986
35.0,0.6,0.08,0.2,1.3,15.0,0.7753762147164556,0.014985014985014986
25.0,0.3,0.04,0.5,0.7,15.0,0.768489428963406,0.014985014985014986
30.0,0.3,0.02,0.5,0.7,15.0,0.7672762509352955,0.014985014985014986
25.0,0.3,0.04,0.2,1.3,15.0,0.7627525163356158,0.014985014985014986
30.0,0.3,0.08,0.2,1.3,15.0,0.7671807652189314,0.014985014985014986
30.0,0.3,0.02,0.5,1.0,15.0,0.7634771926600834,0.014985014985014986
25.0,0.3,0.04,0.2,1.0,15.0,0.763483153449305,0.014985014985014986
35.0,0.3,0.02,0.2,1.0,15.0,0.7646907624307205,0.014985014985014986
35.0,0.3,0.08,0.0,0.7,15.0,0.7617486730552395,0.014985014985014986
25.0,0.3,0.04,0.0,1.3,15.0,0.7621601860013661,0.014985014985014986
25.0,0.3,0.04,0.2,0.7,15.0,0.765359150611924,0.014985014985014986
30.0,0.3,0.08,0.2,1.0,15.0,0.7678580905313084,0.014985014985014986
30.0,0.3,0.02,0.5,1.3,15.0,0.7635428272770244,0.014985014985014986
30.0,1.0,0.08,0.0,0.7,15.0,0.7900304931966029,0.015984015984015984
30.0,0.6,0.08,0.5,1.0,15.0,0.7806662497413422,0.015984015984015984
30.0,0.6,0.08,0.5,0.7,15.0,0.7815972002815065,0.015984015984015984
30.0,1.0,0.04,0.2,1.0,15.0,0.7868966120701378,0.015984015984015984
30.0,0.6,0.08,0.2,1.3,25.0,0.7933645289600245,0.015984015984015984
30.0,1.0,0.02,0.2,1.0,15.0,0.780951231247755,0.015984015984015984
30.0,0.6,0.08,0.2,1.3,15.0,0.7784570908168937,0.015984015984015984
30.0,1.0,0.04,0.5,1.3,15.0,0.7870700469587297,0.015984015984015984
30.0,0.6,0.08,0.2,1.0,25.0,0.7940501261426961,0.015984015984015984
30.0,1.0,0.08,0.2,1.3,15.0,0.7901685026611579,0.015984015984015984
30.0,1.0,0.04,0.2,0.7,15.0,0.7868477186572359,0.015984015984015984
30.0,0.6,0.08,0.2,1.0,15.0,0.7791222809428011,0.015984015984015984
30.0,1.0,0.08,0.2,1.0,15.0,0.790208413406717,0.015984015984015984
30.0,0.6,0.08,0.5,1.0,25.0,0.7952640305698575,0.015984015984015984
30.0,1.0,0.04,0.2,1.3,15.0,0.7867885809540887,0.015984015984015984
30.0,0.6,0.08,0.5,1.3,15.0,0.77943761934511,0.015984015984015984
30.0,1.0,0.04,0.5,1.0,15.0,0.7871311013649348,0.015984015984015984
30.0,1.0,0.02,0.2,0.7,15.0,0.7821902011353946,0.015984015984015984
30.0,1.0,0.04,0.0,1.0,15.0,0.7861768234657561,0.015984015984015984
30.0,1.0,0.02,0.5,1.0,15.0,0.7826219255525155,0.015984015984015984
30.0,1.0,0.08,0.0,1.3,15.0,0.7900304931966029,0.015984015984015984
30.0,1.0,0.02,0.0,1.3,15.0,0.7803281975990953,0.015984015984015984
30.0,1.0,0.02,0.2,1.3,15.0,0.7805257658782369,0.015984015984015984
30.0,1.0,0.02,0.5,1.3,15.0,0.781256256343464,0.015984015984015984
30.0,1.0,0.08,0.0,1.0,15.0,0.7900304931966029,0.015984015984015984
30.0,1.0,0.04,0.0,0.7,15.0,0.7861768234657561,0.015984015984015984
30.0,1.0,0.02,0.0,0.7,15.0,0.7803281975990953,0.015984015984015984
30.0,0.6,0.08,0.5,1.3,25.0,0.794283917498797,0.015984015984015984
30.0,1.0,0.04,0.0,1.3,15.0,0.7861768234657561,0.015984015984015984
30.0,1.0,0.08,0.2,0.7,15.0,0.7910134058427764,0.015984015984015984
30.0,1.0,0.02,0.0,1.0,15.0,0.7803281975990953,0.015984015984015984
30.0,0.6,0.08,0.2,0.7,25.0,0.7950252955048293,0.015984015984015984
30.0,0.6,0.02,0.2,1.3,15.0,0.7711456996803744,0.015984015984015984
30.0,0.6,0.08,0.0,1.3,25.0,0.7925968516552849,0.015984015984015984
30.0,0.6,0.02,0.0,1.0,25.0,0.7787381387990414,0.015984015984015984
30.0,0.6,0.02,0.0,0.7,25.0,0.7787381387990414,0.015984015984015984
30.0,0.3,0.08,0.5,1.3,40.0,0.7550897785593496,0.015984015984015984
30.0,0.3,0.08,0.5,1.3,25.0,0.7779546459809802,0.015984015984015984
30.0,0.3,0.08,0.5,1.0,40.0,0.756348182055494,0.015984015984015984
30.0,0.3,0.08,0.5,1.0,25.0,0.7788600461820581,0.015984015984015984
30.0,0.3,0.08,0.5,0.7,40.0,0.7576776039115664,0.015984015984015984
30.0,0.3,0.08,0.5,0.7,25.0,0.7794895778945102,0.015984015984015984
30.0,0.3,0.08,0.2,1.3,40.0,0.7538318565288726,0.015984015984015984
30.0,0.3,0.08,0.2,1.3,25.0,0.7768407878436027,0.015984015984015984
30.0,0.6,0.02,0.0,1.3,25.0,0.7787381387990414,0.015984015984015984
30.0,0.3,0.08,0.2,1.0,40.0,0.7547656924717667,0.015984015984015984
30.0,0.3,0.08,0.2,0.7,40.0,0.755994413251716,0.015984015984015984
30.0,0.3,0.08,0.2,0.7,25.0,0.7784849160577426,0.015984015984015984
30.0,0.3,0.08,0.0,1.3,40.0,0.7527305789378245,0.015984015984015984
30.0,0.3,0.08,0.0,1.3,25.0,0.7755764655718644,0.015984015984015984
30.0,0.3,0.08,0.0,1.0,40.0,0.7527305789378245,0.015984015984015984
30.0,0.3,0.08,0.0,1.0,25.0,0.7755764655718644,0.015984015984015984
30.0,0.3,0.08,0.0,0.7,40.0,0.7527305789378245,0.015984015984015984
30.0,0.3,0.08,0.0,0.7,25.0,0.7755764655718644,0.015984015984015984
30.0,0.3,0.04,0.5,1.3,40.0,0.7486231157631309,0.015984015984015984
30.0,0.3,0.04,0.5,1.3,25.0,0.7712004604703327,0.015984015984015984
30.0,0.3,0.08,0.2,1.0,25.0,0.7776510872565323,0.015984015984015984
30.0,0.6,0.08,0.2,0.7,15.0,0.7801970923674354,0.015984015984015984
30.0,0.6,0.02,0.2,0.7,15.0,0.7734816510319924,0.015984015984015984
30.0,0.6,0.02,0.2,1.3,25.0,0.778957511114113,0.015984015984015984
30.0,0.6,0.08,0.0,1.3,15.0,0.7777063051432354,0.015984015984015984
30.0,0.6,0.08,0.0,1.0,25.0,0.7925968516552849,0.015984015984015984
30.0,0.6,0.08,0.0,1.0,15.0,0.7777063051432354,0.015984015984015984
30.0,0.6,0.08,0.0,0.7,25.0,0.7925968516552849,0.015984015984015984
30.0,0.6,0.08,0.0,0.7,15.0,0.7777063051432354,0.015984015984015984
30.0,0.6,0.04,0.5,1.3,25.0,0.786883388975999,0.015984015984015984
30.0,0.6,0.04,0.5,1.3,15.0,0.7759669920122712,0.015984015984015984
30.0,0.6,0.04,0.5,1.0,15.0,0.7773599386577317,0.015984015984015984
30.0,0.6,0.04,0.5,0.7,15.0,0.7787724680968241,0.015984015984015984
30.0,0.6,0.04,0.2,1.3,25.0,0.786425846878206,0.015984015984015984
30.0,0.6,0.02,0.2,1.0,15.0,0.7718139850505319,0.015984015984015984
30.0,0.6,0.04,0.2,1.3,15.0,0.7750434489774208,0.015984015984015984
30.0,0.6,0.04,0.2,0.7,15.0,0.7767739481029793,0.015984015984015984
30.0,0.6,0.04,0.0,1.3,25.0,0.7860316198420086,0.015984015984015984
30.0,0.6,0.04,0.0,1.3,15.0,0.7743760556997594,0.015984015984015984
30.0,0.6,0.04,0.0,1.0,25.0,0.7860316198420086,0.015984015984015984
30.0,0.6,0.04,0.0,1.0,15.0,0.7743760556997594,0.015984015984015984
30.0,0.6,0.04,0.0,0.7,25.0,0.7860316198420086,0.015984015984015984
30.0,0.6,0.04,0.0,0.7,15.0,0.7743760556997594,0.015984015984015984
30.0,0.6,0.02,0.5,1.3,15.0,0.7721357952251706,0.015984015984015984
30.0,0.6,0.02,0.5,1.0,15.0,0.774246464548951,0.015984015984015984
30.0,0.6,0.02,0.5,0.7,15.0,0.7767160139554841,0.015984015984015984
30.0,0.6,0.04,0.2,1.0,15.0,0.7757157935848851,0.015984015984015984
30.0,1.0,0.08,0.5,1.0,15.0,0.7915019235821064,0.015984015984015984
35.0,0.3,0.04,0.0,1.0,40.0,0.7466240254781131,0.015984015984015984
35.0,0.3,0.02,0.0,0.7,25.0,0.7679687791681575,0.015984015984015984
35.0,0.6,0.08,0.5,0.7,15.0,0.7829249507428498,0.015984015984015984
35.0,0.6,0.08,0.2,1.3,25.0,0.7904613929784127,0.015984015984015984
35.0,0.6,0.08,0.2,1.0,25.0,0.7917899893316812,0.015984015984015984
35.0,0.6,0.08,0.2,1.0,15.0,0.776491342220228,0.015984015984015984
35.0,0.6,0.08,0.2,0.7,25.0,0.794307521390538,0.015984015984015984
35.0,0.6,0.08,0.2,0.7,15.0,0.7787430937830472,0.015984015984015984
35.0,0.6,0.08,0.0,1.3,25.0,0.7882713977424142,0.015984015984015984
35.0,0.6,0.08,0.0,1.0,25.0,0.7882713977424142,0.015984015984015984
35.0,0.6,0.08,0.0,0.7,25.0,0.7882713977424142,0.015984015984015984
35.0,0.6,0.04,0.5,1.3,25.0,0.787900867993086,0.015984015984015984
35.0,0.6,0.04,0.5,1.3,15.0,0.7765489306101099,0.015984015984015984
35.0,0.6,0.08,0.5,1.0,15.0,0.7814053870280009,0.015984015984015984
35.0,0.6,0.04,0.5,1.0,15.0,0.7794395243003648,0.015984015984015984
35.0,0.6,0.04,0.2,1.3,25.0,0.7855313131545784,0.015984015984015984
35.0,0.6,0.04,0.2,1.3,15.0,0.7733979204946785,0.015984015984015984
35.0,0.6,0.04,0.2,1.0,25.0,0.7866416476474822,0.015984015984015984
35.0,0.6,0.04,0.2,1.0,15.0,0.7746939480116296,0.015984015984015984
35.0,0.6,0.04,0.2,0.7,25.0,0.7877936511269052,0.015984015984015984
35.0,0.6,0.04,0.2,0.7,15.0,0.7766460322433297,0.015984015984015984
35.0,0.6,0.04,0.0,1.3,25.0,0.7838420738290197,0.015984015984015984
35.0,0.6,0.04,0.0,1.0,25.0,0.7838420738290197,0.015984015984015984
35.0,0.6,0.04,0.0,0.7,25.0,0.7838420738290197,0.015984015984015984
35.0,0.6,0.02,0.5,1.3,15.0,0.7735966072940448,0.015984015984015984
35.0,0.6,0.02,0.5,1.0,15.0,0.7773924398438592,0.015984015984015984
35.0,0.6,0.04,0.5,0.7,15.0,0.7808109379898027,0.015984015984015984
35.0,0.6,0.08,0.5,1.0,25.0,0.7962481105403681,0.015984015984015984
35.0,0.6,0.08,0.5,1.3,15.0,0.7789737975513734,0.015984015984015984
35.0,0.6,0.08,0.5,1.3,25.0,0.7941345529514399,0.015984015984015984
35.0,1.0,0.08,0.5,1.3,15.0,0.7898892818265676,0.015984015984015984
35.0,1.0,0.08,0.5,1.0,15.0,0.7908870594303005,0.015984015984015984
35.0,1.0,0.08,0.5,0.7,15.0,0.7939210192067823,0.015984015984015984
35.0,1.0,0.08,0.2,1.3,15.0,0.7888136547896978,0.015984015984015984
35.0,1.0,0.08,0.2,1.0,15.0,0.7891949553550686,0.015984015984015984
35.0,1.0,0.08,0.2,0.7,15.0,0.7896002287029933,0.015984015984015984
35.0,1.0,0.08,0.0,1.3,15.0,0.7869386945969242,0.015984015984015984
35.0,1.0,0.08,0.0,1.0,15.0,0.7869386945969242,0.015984015984015984
35.0,1.0,0.08,0.0,0.7,15.0,0.7869386945969242,0.015984015984015984
35.0,1.0,0.04,0.5,1.3,15.0,0.7868904799326935,0.015984015984015984
35.0,1.0,0.04,0.5,1.0,15.0,0.7884870962151133,0.015984015984015984
35.0,1.0,0.04,0.2,1.3,15.0,0.784232398947798,0.015984015984015984
35.0,1.0,0.04,0.2,1.0,15.0,0.7851208202011677,0.015984015984015984
35.0,1.0,0.04,0.2,0.7,15.0,0.7870586870339095,0.015984015984015984
35.0,1.0,0.04,0.0,1.3,15.0,0.7826019444370251,0.015984015984015984
35.0,1.0,0.04,0.0,1.0,15.0,0.7826019444370251,0.015984015984015984
35.0,1.0,0.04,0.0,0.7,15.0,0.7826019444370251,0.015984015984015984
35.0,1.0,0.02,0.5,1.3,15.0,0.7832881924131887,0.015984015984015984
35.0,1.0,0.02,0.5,1.0,15.0,0.7850089014851133,0.015984015984015984
35.0,1.0,0.02,0.2,1.3,15.0,0.7818329817110925,0.015984015984015984
35.0,1.0,0.02,0.2,1.0,15.0,0.7820424763273839,0.015984015984015984
35.0,1.0,0.02,0.2,0.7,15.0,0.7826980392465992,0.015984015984015984
35.0,1.0,0.02,0.0,1.3,15.0,0.7812256960619461,0.015984015984015984
35.0,1.0,0.02,0.0,1.0,15.0,0.7812256960619461,0.015984015984015984
35.0,1.0,0.02,0.0,0.7,15.0,0.7812256960619461,0.015984015984015984
35.0,0.6,0.02,0.5,0.7,15.0,0.7795382577641486,0.015984015984015984
35.0,0.6,0.02,0.2,1.3,25.0,0.7802593048983355,0.015984015984015984
35.0,0.6,0.02,0.2,1.3,15.0,0.7720150968209618,0.015984015984015984
35.0,0.6,0.02,0.2,1.0,25.0,0.7805447394298013,0.015984015984015984
35.0,0.3,0.04,0.2,1.3,25.0,0.7705044427715854,0.015984015984015984
35.0,0.3,0.04,0.2,1.0,40.0,0.748714319500985,0.015984015984015984
35.0,0.3,0.04,0.2,1.0,25.0,0.7712107814854987,0.015984015984015984
35.0,0.3,0.04,0.2,0.7,40.0,0.7520673042921299,0.015984015984015984
35.0,0.3,0.04,0.2,0.7,25.0,0.7748424483875791,0.015984015984015984
35.0,0.3,0.04,0.0,1.3,40.0,0.7466240254781131,0.015984015984015984
35.0,0.3,0.04,0.0,1.3,25.0,0.7693500067511853,0.015984015984015984
35.0,0.3,0.04,0.0,1.0,25.0,0.7693500067511853,0.015984015984015984
35.0,0.3,0.04,0.0,0.7,40.0,0.7466240254781131,0.015984015984015984
35.0,0.3,0.04,0.0,0.7,25.0,0.7693500067511853,0.015984015984015984
35.0,0.3,0.02,0.5,1.3,40.0,0.7475707221617341,0.015984015984015984
35.0,0.3,0.02,0.5,1.3,25.0,0.7710189495350827,0.015984015984015984
35.0,0.3,0.02,0.5,1.0,25.0,0.7720395616064514,0.015984015984015984
35.0,0.3,0.02,0.5,0.7,25.0,0.778925527049597,0.015984015984015984
35.0,0.3,0.02,0.2,1.3,40.0,0.7461173249732056,0.015984015984015984
35.0,0.3,0.02,0.2,1.3,25.0,0.770165266360093,0.015984015984015984
35.0,0.3,0.02,0.2,1.0,40.0,0.7467798636628726,0.015984015984015984
35.0,0.3,0.02,0.2,1.0,25.0,0.770557956927404,0.015984015984015984
35.0,0.3,0.02,0.2,0.7,40.0,0.7470841990697848,0.015984015984015984
35.0,0.3,0.02,0.2,0.7,25.0,0.7702948688162193,0.015984015984015984
35.0,0.3,0.02,0.0,1.3,40.0,0.743949157243561,0.015984015984015984
35.0,0.3,0.02,0.0,1.3,25.0,0.7679687791681575,0.015984015984015984
35.0,0.3,0.02,0.0,1.0,40.0,0.743949157243561,0.015984015984015984
35.0,0.3,0.02,0.0,1.0,25.0,0.7679687791681575,0.015984015984015984
35.0,0.3,0.02,0.0,0.7,40.0,0.743949157243561,0.015984015984015984
35.0,0.3,0.04,0.2,1.3,40.0,0.7479252223853453,0.015984015984015984
30.0,1.0,0.08,0.5,1.3,15.0,0.7903532716822337,0.015984015984015984
35.0,0.3,0.04,0.5,0.7,25.0,0.7794271933319594,0.015984015984015984
35.0,0.3,0.04,0.5,1.0,40.0,0.7546227377442633,0.015984015984015984
35.0,0.6,0.02,0.2,1.0,15.0,0.7726621432200831,0.015984015984015984
35.0,0.6,0.02,0.2,0.7,15.0,0.7735096065485842,0.015984015984015984
35.0,0.6,0.02,0.0,1.3,25.0,0.7791144530786895,0.015984015984015984
35.0,0.6,0.02,0.0,1.0,25.0,0.7791144530786895,0.015984015984015984
35.0,0.6,0.02,0.0,0.7,25.0,0.7791144530786895,0.015984015984015984
35.0,0.3,0.08,0.5,1.3,40.0,0.7567465154065774,0.015984015984015984
35.0,0.3,0.08,0.5,1.3,25.0,0.7794124916550607,0.015984015984015984
35.0,0.3,0.08,0.5,1.0,40.0,0.7577651226674138,0.015984015984015984
35.0,0.3,0.08,0.5,1.0,25.0,0.7799687592925794,0.015984015984015984
35.0,0.3,0.08,0.5,0.7,40.0,0.7624225120981108,0.015984015984015984
35.0,0.3,0.08,0.5,0.7,25.0,0.7843856091473279,0.015984015984015984
35.0,0.3,0.08,0.2,1.3,40.0,0.7530000464917591,0.015984015984015984
35.0,0.3,0.08,0.2,1.3,25.0,0.7757542611810792,0.015984015984015984
35.0,0.3,0.08,0.2,1.0,40.0,0.7547327811960619,0.015984015984015984
35.0,0.3,0.08,0.2,1.0,25.0,0.7776495032243902,0.015984015984015984
35.0,0.3,0.08,0.2,0.7,40.0,0.7565971741390245,0.015984015984015984
35.0,0.3,0.08,0.2,0.7,25.0,0.7790147230828128,0.015984015984015984
35.0,0.3,0.08,0.0,1.3,40.0,0.7490276648427541,0.015984015984015984
35.0,0.3,0.08,0.0,1.3,25.0,0.7713433293185858,0.015984015984015984
35.0,0.3,0.08,0.0,1.0,40.0,0.7490276648427541,0.015984015984015984
35.0,0.3,0.08,0.0,1.0,25.0,0.7713433293185858,0.015984015984015984
35.0,0.3,0.08,0.0,0.7,40.0,0.7490276648427541,0.015984015984015984
35.0,0.3,0.08,0.0,0.7,25.0,0.7713433293185858,0.015984015984015984
35.0,0.3,0.04,0.5,1.3,40.0,0.7518111627801058,0.015984015984015984
35.0,0.3,0.04,0.5,1.3,25.0,0.7745229445614851,0.015984015984015984
35.0,0.3,0.04,0.5,1.0,25.0,0.7778098260908309,0.015984015984015984
30.0,0.3,0.04,0.5,1.0,40.0,0.7514348663379248,0.015984015984015984
30.0,0.6,0.04,0.2,1.0,25.0,0.7867550933205459,0.015984015984015984
30.0,0.3,0.04,0.5,0.7,40.0,0.7544227623154353,0.015984015984015984
25.0,0.6,0.02,0.5,1.3,15.0,0.7730471453429882,0.015984015984015984
25.0,0.6,0.02,0.5,1.0,15.0,0.7745883081400446,0.015984015984015984
25.0,0.6,0.02,0.5,0.7,15.0,0.775408134418059,0.015984015984015984
25.0,0.6,0.02,0.2,1.3,15.0,0.7725410849317876,0.015984015984015984
25.0,0.6,0.02,0.2,1.0,15.0,0.7729965589173284,0.015984015984015984
25.0,0.6,0.02,0.2,0.7,15.0,0.7743220807128003,0.015984015984015984
25.0,0.6,0.02,0.0,1.3,15.0,0.7721732006320289,0.015984015984015984
25.0,0.6,0.02,0.0,1.0,15.0,0.7721732006320289,0.015984015984015984
25.0,0.6,0.04,0.0,0.7,15.0,0.7756738169038455,0.015984015984015984
25.0,0.6,0.02,0.0,0.7,15.0,0.7721732006320289,0.015984015984015984
25.0,0.3,0.08,0.5,1.3,25.0,0.7780852167982926,0.015984015984015984
25.0,0.3,0.08,0.5,1.0,40.0,0.7556942637178719,0.015984015984015984
25.0,0.3,0.08,0.5,1.0,25.0,0.7782431657422365,0.015984015984015984
25.0,0.3,0.08,0.5,0.7,40.0,0.7576541987924865,0.015984015984015984
25.0,0.3,0.08,0.5,0.7,25.0,0.7795777052210345,0.015984015984015984
25.0,0.3,0.08,0.2,1.3,40.0,0.7548096135831289,0.015984015984015984
25.0,0.3,0.08,0.2,1.3,25.0,0.777800650908216,0.015984015984015984
25.0,0.3,0.08,0.2,1.0,40.0,0.7551555936194682,0.015984015984015984
25.0,0.3,0.08,0.5,1.3,40.0,0.75520710726466,0.015984015984015984
25.0,0.6,0.04,0.0,1.0,15.0,0.7756738169038455,0.015984015984015984
25.0,0.6,0.04,0.0,1.3,15.0,0.7756738169038455,0.015984015984015984
25.0,0.6,0.04,0.2,0.7,15.0,0.7769026557588343,0.015984015984015984
25.0,1.0,0.02,0.2,1.0,15.0,0.7825658528474315,0.015984015984015984
25.0,1.0,0.02,0.2,0.7,15.0,0.7836991572912323,0.015984015984015984
25.0,1.0,0.02,0.0,1.3,15.0,0.7816097091989596,0.015984015984015984
25.0,1.0,0.02,0.0,1.0,15.0,0.7816097091989596,0.015984015984015984
25.0,1.0,0.02,0.0,0.7,15.0,0.7816097091989596,0.015984015984015984
25.0,0.6,0.08,0.5,1.3,15.0,0.7803507696556269,0.015984015984015984
25.0,0.6,0.08,0.5,1.0,15.0,0.7806085383020819,0.015984015984015984
30.0,0.3,0.04,0.5,1.0,25.0,0.7743366333320004,0.015984015984015984
25.0,0.6,0.08,0.2,1.3,15.0,0.7801681310083284,0.015984015984015984
25.0,0.6,0.08,0.2,1.0,15.0,0.7802838786465881,0.015984015984015984
25.0,0.6,0.08,0.2,0.7,15.0,0.780530282975108,0.015984015984015984
25.0,0.6,0.08,0.0,1.3,15.0,0.7800424052476225,0.015984015984015984
25.0,0.6,0.08,0.0,1.0,15.0,0.7800424052476225,0.015984015984015984
25.0,0.6,0.08,0.0,0.7,15.0,0.7800424052476225,0.015984015984015984
25.0,0.6,0.04,0.5,1.3,15.0,0.7765569159402156,0.015984015984015984
25.0,0.6,0.04,0.5,1.0,15.0,0.7770912592761605,0.015984015984015984
25.0,0.6,0.04,0.5,0.7,15.0,0.7791592965662627,0.015984015984015984
25.0,0.6,0.04,0.2,1.3,15.0,0.7760461481415355,0.015984015984015984
25.0,0.6,0.04,0.2,1.0,15.0,0.7764637905218715,0.015984015984015984
25.0,0.3,0.08,0.2,1.0,25.0,0.7780146890854958,0.015984015984015984
25.0,1.0,0.02,0.2,1.3,15.0,0.7820210700956705,0.015984015984015984
25.0,0.3,0.08,0.2,0.7,40.0,0.7555499193216945,0.015984015984015984
25.0,0.3,0.08,0.0,1.3,40.0,0.7544808081284851,0.015984015984015984
25.0,0.3,0.02,0.5,1.3,40.0,0.7449241479846064,0.015984015984015984
25.0,0.3,0.02,0.5,1.3,25.0,0.7686238956088745,0.015984015984015984
25.0,0.3,0.02,0.5,1.0,40.0,0.7459679435158271,0.015984015984015984
25.0,0.3,0.02,0.5,1.0,25.0,0.7693152801282734,0.015984015984015984
25.0,0.3,0.02,0.5,0.7,40.0,0.7494506704887368,0.015984015984015984
25.0,0.3,0.02,0.5,0.7,25.0,0.7727071155486255,0.015984015984015984
25.0,0.3,0.02,0.2,1.3,40.0,0.7445825059803565,0.015984015984015984
25.0,0.3,0.02,0.2,1.3,25.0,0.768434997531519,0.015984015984015984
25.0,0.3,0.04,0.0,0.7,25.0,0.7700403659321222,0.015984015984015984
25.0,0.3,0.02,0.2,1.0,40.0,0.7448619558779728,0.015984015984015984
25.0,0.3,0.02,0.2,0.7,40.0,0.7458522138038122,0.015984015984015984
25.0,0.3,0.02,0.2,0.7,25.0,0.7691551499139523,0.015984015984015984
25.0,0.3,0.02,0.0,1.3,40.0,0.7442961973560492,0.015984015984015984
25.0,0.3,0.02,0.0,1.3,25.0,0.7682516989271553,0.015984015984015984
25.0,0.3,0.02,0.0,1.0,40.0,0.7442961973560492,0.015984015984015984
25.0,0.3,0.02,0.0,1.0,25.0,0.7682516989271553,0.015984015984015984
25.0,0.3,0.02,0.0,0.7,40.0,0.7442961973560492,0.015984015984015984
25.0,0.3,0.02,0.0,0.7,25.0,0.7682516989271553,0.015984015984015984
25.0,0.3,0.02,0.2,1.0,25.0,0.7685472185921665,0.015984015984015984
25.0,0.3,0.04,0.0,0.7,40.0,0.7474368839620148,0.015984015984015984
25.0,0.3,0.04,0.0,1.0,25.0,0.7700403659321222,0.015984015984015984
25.0,0.3,0.04,0.0,1.0,40.0,0.7474368839620148,0.015984015984015984
25.0,0.3,0.08,0.0,1.3,25.0,0.7775458781248494,0.015984015984015984
25.0,0.3,0.08,0.0,1.0,40.0,0.7544808081284851,0.015984015984015984
25.0,0.3,0.08,0.0,1.0,25.0,0.7775458781248494,0.015984015984015984
25.0,0.3,0.08,0.0,0.7,40.0,0.7544808081284851,0.015984015984015984
25.0,0.3,0.08,0.0,0.7,25.0,0.7775458781248494,0.015984015984015984
25.0,0.3,0.04,0.5,1.3,40.0,0.7490819073881017,0.015984015984015984
25.0,0.3,0.04,0.5,1.3,25.0,0.7718747016453186,0.015984015984015984
25.0,0.3,0.04,0.5,1.0,40.0,0.7508888547894321,0.015984015984015984
25.0,0.3,0.04,0.5,1.0,25.0,0.7739732018938288,0.015984015984015984
25.0,0.3,0.04,0.5,0.7,40.0,0.753897316416832,0.015984015984015984
25.0,0.3,0.04,0.5,0.7,25.0,0.7768630064673591,0.015984015984015984
25.0,0.3,0.04,0.2,1.3,40.0,0.7481326403575339,0.015984015984015984
25.0,0.3,0.04,0.2,1.3,25.0,0.7708105812231626,0.015984015984015984
25.0,0.3,0.04,0.2,1.0,40.0,0.7490377278758613,0.015984015984015984
25.0,0.3,0.04,0.2,1.0,25.0,0.7718244003254935,0.015984015984015984
25.0,0.3,0.04,0.2,0.7,40.0,0.7508374027379744,0.015984015984015984
25.0,0.3,0.04,0.2,0.7,25.0,0.7739625434999203,0.015984015984015984
25.0,0.3,0.04,0.0,1.3,40.0,0.7474368839620148,0.015984015984015984
25.0,0.3,0.04,0.0,1.3,25.0,0.7700403659321222,0.015984015984015984
25.0,0.3,0.08,0.2,0.7,25.0,0.7780318188211909,0.015984015984015984
25.0,1.0,0.02,0.5,1.3,15.0,0.7826126567831392,0.015984015984015984
25.0,0.6,0.08,0.5,0.7,15.0,0.7832437052060549,0.015984015984015984
30.0,0.3,0.02,0.2,0.7,25.0,0.7692567352937556,0.015984015984015984
30.0,0.3,0.04,0.0,0.7,25.0,0.7698191690764707,0.015984015984015984
30.0,0.3,0.02,0.5,1.3,25.0,0.7694529590460736,0.015984015984015984
30.0,0.3,0.04,0.0,0.7,40.0,0.7471949932480804,0.015984015984015984
30.0,0.3,0.02,0.5,1.0,40.0,0.7462592313153212,0.015984015984015984
30.0,0.3,0.02,0.2,0.7,40.0,0.745920569890007,0.015984015984015984
30.0,0.3,0.04,0.0,1.0,25.0,0.7698191690764707,0.015984015984015984
30.0,0.3,0.02,0.0,0.7,40.0,0.7444533347863846,0.015984015984015984
30.0,0.3,0.04,0.0,1.0,40.0,0.7471949932480804,0.015984015984015984
30.0,0.3,0.02,0.5,1.0,25.0,0.7695699883876345,0.015984015984015984
30.0,0.3,0.04,0.0,1.3,25.0,0.7698191690764707,0.015984015984015984
30.0,0.3,0.02,0.5,0.7,40.0,0.750866292115937,0.015984015984015984
30.0,0.3,0.04,0.0,1.3,40.0,0.7471949932480804,0.015984015984015984
30.0,0.3,0.02,0.5,0.7,25.0,0.7741159703838077,0.015984015984015984
30.0,0.3,0.02,0.0,0.7,25.0,0.7686401183408074,0.015984015984015984
30.0,0.3,0.02,0.0,1.0,25.0,0.7686401183408074,0.015984015984015984
30.0,0.3,0.04,0.2,0.7,25.0,0.7736889181809902,0.015984015984015984
30.0,0.3,0.04,0.2,0.7,40.0,0.7508562167205319,0.015984015984015984
30.0,0.3,0.04,0.5,0.7,25.0,0.777296181867795,0.015984015984015984
30.0,0.3,0.04,0.2,1.3,40.0,0.7474484010299792,0.015984015984015984
30.0,0.3,0.02,0.2,1.0,25.0,0.7692829612016823,0.015984015984015984
30.0,0.3,0.04,0.2,1.3,25.0,0.7700005721102645,0.015984015984015984
30.0,0.3,0.02,0.0,1.3,40.0,0.7444533347863846,0.015984015984015984
30.0,0.3,0.02,0.0,1.0,40.0,0.7444533347863846,0.015984015984015984
30.0,0.3,0.04,0.2,1.0,40.0,0.7481293791548511,0.015984015984015984
30.0,0.3,0.02,0.2,1.0,40.0,0.7454491467460415,0.015984015984015984
30.0,0.3,0.02,0.2,1.3,25.0,0.7690709087381368,0.015984015984015984
30.0,0.3,0.04,0.2,1.0,25.0,0.7706674608919586,0.015984015984015984
30.0,0.3,0.02,0.2,1.3,40.0,0.7450371051733322,0.015984015984015984
30.0,0.3,0.02,0.0,1.3,25.0,0.7686401183408074,0.015984015984015984
30.0,0.3,0.02,0.5,1.3,40.0,0.7456467949644265,0.015984015984015984
25.0,0.6,0.02,0.0,1.3,40.0,0.7558929972979433,0.01898101898101898
25.0,0.6,0.02,0.2,0.7,25.0,0.7818339229008969,0.01898101898101898
25.0,0.6,0.02,0.0,1.3,25.0,0.77934397528396,0.01898101898101898
35.0,0.6,0.02,0.2,1.0,40.0,0.757407931795982,0.01898101898101898
35.0,0.6,0.02,0.2,0.7,40.0,0.7571696616404917,0.01898101898101898
25.0,1.0,0.04,0.5,1.3,15.0,0.7879004013384697,0.01898101898101898
25.0,1.0,0.08,0.2,1.3,15.0,0.7932184188780063,0.01898101898101898
35.0,0.6,0.04,0.2,0.7,40.0,0.7657876305274304,0.01898101898101898
30.0,0.6,0.02,0.5,1.0,25.0,0.7811370022916932,0.01898101898101898
35.0,0.6,0.04,0.0,1.3,40.0,0.762078044385375,0.01898101898101898
30.0,0.6,0.02,0.5,1.0,40.0,0.7576375916668282,0.01898101898101898
25.0,1.0,0.08,0.2,1.3,25.0,0.8116660686967657,0.01898101898101898
35.0,0.6,0.04,0.0,1.0,40.0,0.762078044385375,0.01898101898101898
30.0,0.6,0.02,0.5,1.3,25.0,0.7795466838996316,0.01898101898101898
25.0,0.6,0.02,0.0,0.7,25.0,0.77934397528396,0.01898101898101898
35.0,0.6,0.02,0.2,1.3,40.0,0.7571874702538121,0.01898101898101898
35.0,0.6,0.04,0.0,0.7,40.0,0.762078044385375,0.01898101898101898
30.0,0.6,0.02,0.5,1.3,40.0,0.7562128464772152,0.01898101898101898
35.0,0.6,0.02,0.5,1.3,40.0,0.7574993916366165,0.01898101898101898
35.0,0.6,0.02,0.5,1.3,25.0,0.7806521970013508,0.01898101898101898
25.0,0.6,0.02,0.0,1.0,25.0,0.77934397528396,0.01898101898101898
35.0,0.6,0.02,0.5,1.0,40.0,0.7611287392409292,0.01898101898101898
35.0,0.6,0.02,0.5,1.0,25.0,0.7846408036552182,0.01898101898101898
35.0,0.6,0.02,0.5,0.7,40.0,0.7648959907319284,0.01898101898101898
35.0,0.6,0.02,0.5,0.7,25.0,0.7877843938928535,0.01898101898101898
25.0,0.6,0.02,0.0,0.7,40.0,0.7558929972979433,0.01898101898101898
25.0,0.6,0.02,0.0,1.0,40.0,0.7558929972979433,0.01898101898101898
25.0,0.6,0.02,0.2,1.0,40.0,0.7561822187591749,0.01898101898101898
25.0,0.6,0.02,0.2,0.7,40.0,0.7582716954970917,0.01898101898101898
25.0,0.6,0.04,0.2,1.0,25.0,0.786472651096133,0.01898101898101898
30.0,0.6,0.04,0.2,0.7,40.0,0.7647202231377817,0.01898101898101898
25.0,0.6,0.04,0.2,0.7,40.0,0.7654369528640451,0.01898101898101898
25.0,0.6,0.04,0.2,0.7,25.0,0.7877024058314035,0.01898101898101898
30.0,0.6,0.04,0.2,0.7,25.0,0.7870083241158349,0.01898101898101898
25.0,0.6,0.04,0.0,1.3,40.0,0.7630766937479457,0.01898101898101898
25.0,0.6,0.04,0.0,1.3,25.0,0.7855150750486178,0.01898101898101898
25.0,1.0,0.08,0.2,0.7,15.0,0.794587155583984,0.01898101898101898
25.0,0.6,0.04,0.0,1.0,40.0,0.7630766937479457,0.01898101898101898
25.0,0.6,0.04,0.0,1.0,25.0,0.7855150750486178,0.01898101898101898
30.0,0.6,0.04,0.0,1.3,40.0,0.7639958742815716,0.01898101898101898
25.0,0.6,0.04,0.0,0.7,40.0,0.7630766937479457,0.01898101898101898
30.0,0.6,0.08,0.0,1.0,40.0,0.7716961606127499,0.01898101898101898
25.0,1.0,0.08,0.2,0.7,25.0,0.8130118798404248,0.01898101898101898
25.0,0.6,0.02,0.5,1.3,40.0,0.7562285505178352,0.01898101898101898
25.0,0.6,0.02,0.5,1.3,25.0,0.7797398723720811,0.01898101898101898
25.0,0.6,0.02,0.5,1.0,40.0,0.7583002177620511,0.01898101898101898
35.0,0.6,0.02,0.0,1.3,40.0,0.7561458502074269,0.01898101898101898
30.0,0.6,0.04,0.0,0.7,40.0,0.7639958742815716,0.01898101898101898
25.0,0.6,0.02,0.2,1.0,25.0,0.7797056443185991,0.01898101898101898
35.0,0.6,0.02,0.0,1.0,40.0,0.7561458502074269,0.01898101898101898
30.0,0.6,0.02,0.5,0.7,40.0,0.7624164273083883,0.01898101898101898
25.0,1.0,0.08,0.2,1.0,25.0,0.8121532313403275,0.01898101898101898
35.0,0.6,0.02,0.2,0.7,25.0,0.7804483302567666,0.01898101898101898
35.0,0.6,0.02,0.0,0.7,40.0,0.7561458502074269,0.01898101898101898
25.0,0.6,0.02,0.2,1.3,40.0,0.7560604507471773,0.01898101898101898
25.0,1.0,0.08,0.2,1.0,15.0,0.7936803783767985,0.01898101898101898
25.0,0.6,0.02,0.5,0.7,25.0,0.7842340438850981,0.01898101898101898
25.0,0.6,0.02,0.5,0.7,40.0,0.7610815124441175,0.01898101898101898
30.0,0.6,0.04,0.0,1.0,40.0,0.7639958742815716,0.01898101898101898
25.0,0.6,0.02,0.5,1.0,25.0,0.7819158988887506,0.01898101898101898
25.0,0.6,0.02,0.2,1.3,25.0,0.7795263687356226,0.01898101898101898
30.0,0.6,0.02,0.5,0.7,25.0,0.7855233331066267,0.01898101898101898
35.0,0.6,0.08,0.0,1.0,40.0,0.7675666765075769,0.01898101898101898
25.0,1.0,0.08,0.5,0.7,15.0,0.7958671603945894,0.01898101898101898
35.0,1.0,0.02,0.2,1.3,25.0,0.791830905609403,0.01898101898101898
35.0,1.0,0.02,0.5,0.7,15.0,0.7870027408089371,0.01898101898101898
35.0,1.0,0.02,0.5,1.0,25.0,0.7954399530141965,0.01898101898101898
35.0,1.0,0.02,0.5,1.3,25.0,0.7930526809397107,0.01898101898101898
35.0,1.0,0.04,0.0,0.7,25.0,0.7978748752000502,0.01898101898101898
35.0,1.0,0.04,0.0,1.0,25.0,0.7978748752000502,0.01898101898101898
35.0,1.0,0.04,0.0,1.3,25.0,0.7978748752000502,0.01898101898101898
35.0,1.0,0.04,0.2,0.7,25.0,0.802208480299486,0.01898101898101898
35.0,1.0,0.04,0.2,1.0,25.0,0.8005844264672338,0.01898101898101898
35.0,1.0,0.04,0.2,1.3,25.0,0.7996836672110705,0.01898101898101898
35.0,1.0,0.04,0.5,0.7,15.0,0.7903530581339874,0.01898101898101898
35.0,1.0,0.04,0.5,0.7,25.0,0.8056215214871734,0.01898101898101898
35.0,1.0,0.04,0.5,1.0,25.0,0.8030484825485907,0.01898101898101898
35.0,1.0,0.02,0.2,1.0,25.0,0.7920055402281384,0.01898101898101898
35.0,1.0,0.04,0.5,1.3,25.0,0.8021077051762251,0.01898101898101898
35.0,1.0,0.08,0.0,0.7,40.0,0.787357705932197,0.01898101898101898
35.0,1.0,0.08,0.0,1.0,25.0,0.8073598953733662,0.01898101898101898
35.0,1.0,0.08,0.0,1.0,40.0,0.787357705932197,0.01898101898101898
35.0,1.0,0.08,0.0,1.3,25.0,0.8073598953733662,0.01898101898101898
35.0,1.0,0.08,0.0,1.3,40.0,0.787357705932197,0.01898101898101898
35.0,1.0,0.08,0.2,0.7,25.0,0.8102285610931629,0.01898101898101898
35.0,1.0,0.08,0.2,0.7,40.0,0.7903740838049663,0.01898101898101898
35.0,1.0,0.08,0.2,1.0,25.0,0.8097251845662323,0.01898101898101898
35.0,1.0,0.08,0.2,1.0,40.0,0.7896677848990763,0.01898101898101898
35.0,1.0,0.08,0.2,1.3,25.0,0.8092265702429053,0.01898101898101898
35.0,1.0,0.08,0.2,1.3,40.0,0.7890354521332891,0.01898101898101898
35.0,1.0,0.08,0.5,0.7,25.0,0.8141287818934629,0.01898101898101898
35.0,1.0,0.08,0.5,1.0,25.0,0.8110236138145873,0.01898101898101898
35.0,1.0,0.08,0.0,0.7,25.0,0.8073598953733662,0.01898101898101898
35.0,0.6,0.04,0.2,1.0,40.0,0.7647325220259491,0.01898101898101898
35.0,1.0,0.02,0.2,0.7,25.0,0.7931165791115885,0.01898101898101898
35.0,1.0,0.02,0.0,1.0,25.0,0.7913368662662453,0.01898101898101898
30.0,0.6,0.02,0.2,1.3,40.0,0.7556672738771747,0.01898101898101898
35.0,0.6,0.04,0.2,1.3,40.0,0.7636646424427372,0.01898101898101898
35.0,0.6,0.04,0.5,0.7,25.0,0.7926111241154856,0.01898101898101898
35.0,0.6,0.04,0.5,0.7,40.0,0.7710032438183485,0.01898101898101898
35.0,0.6,0.04,0.5,1.0,25.0,0.7900182382218591,0.01898101898101898
35.0,0.6,0.04,0.5,1.0,40.0,0.7677845151676453,0.01898101898101898
30.0,0.6,0.02,0.2,1.0,40.0,0.7560073321639788,0.01898101898101898
30.0,0.6,0.02,0.2,1.0,25.0,0.7793464311387783,0.01898101898101898
35.0,0.6,0.04,0.5,1.3,40.0,0.7659920917683605,0.01898101898101898
25.0,1.0,0.08,0.5,1.0,15.0,0.7946443334215542,0.01898101898101898
30.0,0.6,0.02,0.2,0.7,40.0,0.7568571057239022,0.01898101898101898
35.0,0.6,0.08,0.0,0.7,40.0,0.7675666765075769,0.01898101898101898
30.0,0.6,0.02,0.2,0.7,25.0,0.7803505973525001,0.01898101898101898
35.0,1.0,0.02,0.0,1.3,25.0,0.7913368662662453,0.01898101898101898
25.0,0.6,0.04,0.2,1.0,40.0,0.7639641269549762,0.01898101898101898
35.0,0.6,0.08,0.0,1.3,40.0,0.7675666765075769,0.01898101898101898
25.0,1.0,0.08,0.5,1.3,15.0,0.7937193667165667,0.01898101898101898
30.0,0.6,0.02,0.0,1.0,40.0,0.7554861997445542,0.01898101898101898
35.0,0.6,0.08,0.2,0.7,40.0,0.773478655265179,0.01898101898101898
25.0,1.0,0.08,0.5,1.3,25.0,0.8121799771197127,0.01898101898101898
35.0,0.6,0.08,0.2,1.0,40.0,0.7710190401593814,0.01898101898101898
30.0,0.6,0.02,0.0,0.7,40.0,0.7554861997445542,0.01898101898101898
35.0,0.6,0.08,0.2,1.3,40.0,0.7697354485945938,0.01898101898101898
35.0,0.6,0.08,0.5,0.7,25.0,0.798337720772878,0.01898101898101898
35.0,0.6,0.08,0.5,0.7,40.0,0.7775368562452531,0.01898101898101898
35.0,0.6,0.08,0.5,1.0,40.0,0.7752895203631457,0.01898101898101898
35.0,0.6,0.08,0.5,1.3,40.0,0.7733328569930105,0.01898101898101898
35.0,1.0,0.02,0.0,0.7,25.0,0.7913368662662453,0.01898101898101898
30.0,0.6,0.02,0.0,1.3,40.0,0.7554861997445542,0.01898101898101898
25.0,0.6,0.04,0.2,1.3,25.0,0.785801426091388,0.01898101898101898
25.0,0.6,0.04,0.0,0.7,25.0,0.7855150750486178,0.01898101898101898
35.0,1.0,0.08,0.5,1.3,40.0,0.790357410835487,0.01898101898101898
30.0,0.6,0.08,0.5,1.3,40.0,0.7732808941280149,0.01898101898101898
30.0,1.0,0.08,0.2,1.3,25.0,0.8097053079037098,0.01898101898101898
25.0,1.0,0.04,0.2,1.0,15.0,0.7878358652495504,0.01898101898101898
30.0,1.0,0.08,0.5,0.7,15.0,0.7945879453786437,0.01898101898101898
30.0,1.0,0.08,0.5,0.7,25.0,0.8140325039922067,0.01898101898101898
30.0,1.0,0.04,0.0,1.0,25.0,0.8007713797895574,0.01898101898101898
30.0,0.6,0.08,0.5,1.0,40.0,0.7741710883834964,0.01898101898101898
30.0,1.0,0.02,0.5,1.3,25.0,0.7915766811935082,0.01898101898101898
30.0,1.0,0.08,0.5,1.0,25.0,0.8107256241917763,0.01898101898101898
25.0,1.0,0.04,0.2,1.3,15.0,0.7874230829959836,0.01898101898101898
30.0,0.6,0.08,0.5,0.7,40.0,0.7756893823569182,0.01898101898101898
30.0,1.0,0.08,0.5,1.3,25.0,0.8096635936877079,0.01898101898101898
30.0,0.6,0.08,0.5,0.7,25.0,0.796655962678378,0.01898101898101898
30.0,0.6,0.08,0.2,1.3,40.0,0.7724206348841263,0.01898101898101898
30.0,0.6,0.08,0.0,0.7,40.0,0.7716961606127499,0.01898101898101898
25.0,1.0,0.04,0.5,0.7,15.0,0.789909785332969,0.01898101898101898
25.0,1.0,0.08,0.0,0.7,15.0,0.792867363632215,0.01898101898101898
30.0,1.0,0.02,0.2,1.0,25.0,0.7912869547503845,0.01898101898101898
25.0,1.0,0.08,0.0,0.7,25.0,0.8112925260952323,0.01898101898101898
30.0,1.0,0.02,0.0,0.7,25.0,0.7904120864683418,0.01898101898101898
30.0,1.0,0.04,0.0,0.7,25.0,0.8007713797895574,0.01898101898101898
30.0,1.0,0.08,0.2,1.0,25.0,0.8096039003846083,0.01898101898101898
30.0,1.0,0.02,0.5,0.7,15.0,0.7857447209315611,0.01898101898101898
30.0,1.0,0.04,0.5,0.7,15.0,0.7896549962105893,0.01898101898101898
30.0,1.0,0.04,0.2,1.0,25.0,0.801283739841319,0.01898101898101898
30.0,1.0,0.04,0.5,1.0,25.0,0.8011831982698042,0.01898101898101898
25.0,0.6,0.04,0.2,1.3,40.0,0.7632976159582834,0.01898101898101898
30.0,1.0,0.02,0.2,0.7,25.0,0.7929085914892545,0.01898101898101898
25.0,1.0,0.04,0.0,1.3,15.0,0.7870859788973683,0.01898101898101898
30.0,1.0,0.04,0.5,1.3,25.0,0.8013895464049221,0.01898101898101898
30.0,1.0,0.04,0.2,0.7,25.0,0.8010753884633011,0.01898101898101898
25.0,1.0,0.04,0.0,0.7,15.0,0.7870859788973683,0.01898101898101898
30.0,1.0,0.08,0.0,0.7,25.0,0.8096769335130037,0.01898101898101898
30.0,1.0,0.02,0.0,1.3,25.0,0.7904120864683418,0.01898101898101898
30.0,1.0,0.02,0.2,1.3,25.0,0.7905395050470602,0.01898101898101898
25.0,1.0,0.02,0.5,1.0,15.0,0.7837599443774367,0.01898101898101898
25.0,1.0,0.04,0.2,0.7,15.0,0.7886671360403587,0.01898101898101898
30.0,1.0,0.08,0.0,1.0,25.0,0.8096769335130037,0.01898101898101898
30.0,1.0,0.04,0.0,1.3,25.0,0.8007713797895574,0.01898101898101898
30.0,1.0,0.08,0.0,1.3,25.0,0.8096769335130037,0.01898101898101898
30.0,1.0,0.02,0.0,1.0,25.0,0.7904120864683418,0.01898101898101898
30.0,1.0,0.08,0.2,0.7,25.0,0.8102413488228879,0.01898101898101898
25.0,1.0,0.02,0.5,0.7,15.0,0.7855375983788401,0.01898101898101898
30.0,0.6,0.08,0.2,0.7,40.0,0.7739295806574438,0.01898101898101898
30.0,0.6,0.08,0.2,1.0,40.0,0.7730602780649074,0.01898101898101898
25.0,1.0,0.04,0.5,1.0,15.0,0.7887936233718901,0.01898101898101898
30.0,0.6,0.04,0.5,1.3,40.0,0.7647249845997373,0.01898101898101898
30.0,0.6,0.04,0.5,0.7,25.0,0.7906404158276007,0.01898101898101898
25.0,0.6,0.08,0.0,1.3,40.0,0.7726994088393523,0.01898101898101898
25.0,0.6,0.08,0.0,1.3,25.0,0.793883260678857,0.01898101898101898
25.0,0.6,0.08,0.0,1.0,40.0,0.7726994088393523,0.01898101898101898
25.0,0.6,0.08,0.0,1.0,25.0,0.793883260678857,0.01898101898101898
30.0,0.6,0.04,0.2,1.3,40.0,0.7643654580000309,0.01898101898101898
25.0,0.6,0.08,0.0,0.7,40.0,0.7726994088393523,0.01898101898101898
25.0,0.6,0.08,0.0,0.7,25.0,0.793883260678857,0.01898101898101898
25.0,0.6,0.08,0.2,0.7,25.0,0.7936394278093334,0.01898101898101898
25.0,1.0,0.08,0.0,1.3,15.0,0.792867363632215,0.01898101898101898
25.0,0.6,0.04,0.5,1.3,25.0,0.7865343707243577,0.01898101898101898
25.0,1.0,0.08,0.0,1.3,25.0,0.8112925260952323,0.01898101898101898
35.0,0.3,0.04,0.5,0.7,40.0,0.7571036239697423,0.01898101898101898
25.0,0.6,0.04,0.5,1.0,40.0,0.765442873672693,0.01898101898101898
25.0,0.6,0.04,0.5,1.0,25.0,0.7877619812986365,0.01898101898101898
30.0,0.6,0.04,0.2,1.0,40.0,0.764605046552135,0.01898101898101898
25.0,0.6,0.04,0.5,0.7,40.0,0.768866601656612,0.01898101898101898
25.0,0.6,0.04,0.5,0.7,25.0,0.7907102725709477,0.01898101898101898
35.0,1.0,0.08,0.5,1.3,25.0,0.8103263594664909,0.01898101898101898
25.0,0.6,0.04,0.5,1.3,40.0,0.7640089488310654,0.01898101898101898
25.0,0.6,0.08,0.2,0.7,40.0,0.7723803200329793,0.01898101898101898
30.0,1.0,0.04,0.2,1.3,25.0,0.8011990603782877,0.01898101898101898
35.0,0.3,0.02,0.5,0.7,40.0,0.7554557354293427,0.01898101898101898
25.0,0.6,0.08,0.5,1.3,40.0,0.7727278249659575,0.01898101898101898
30.0,0.6,0.08,0.0,1.3,40.0,0.7716961606127499,0.01898101898101898
25.0,0.6,0.08,0.5,1.0,40.0,0.7723793144057988,0.01898101898101898
25.0,0.6,0.08,0.5,1.0,25.0,0.7935986293547846,0.01898101898101898
30.0,0.6,0.04,0.5,0.7,40.0,0.7688506263796461,0.01898101898101898
30.0,0.6,0.04,0.5,1.0,40.0,0.765302345729324,0.01898101898101898
25.0,0.6,0.08,0.5,0.7,40.0,0.7767643463983053,0.01898101898101898
35.0,0.3,0.02,0.5,1.0,40.0,0.7490034832991858,0.01898101898101898
25.0,1.0,0.08,0.0,1.0,15.0,0.792867363632215,0.01898101898101898
25.0,0.6,0.08,0.5,1.3,25.0,0.793917115469183,0.01898101898101898
25.0,1.0,0.04,0.0,1.0,15.0,0.7870859788973683,0.01898101898101898
30.0,1.0,0.02,0.5,1.0,25.0,0.7933356492998802,0.01898101898101898
30.0,0.6,0.04,0.5,1.0,25.0,0.7876281750925359,0.01898101898101898
25.0,0.6,0.08,0.2,1.3,40.0,0.7727237102297738,0.01898101898101898
25.0,0.6,0.08,0.2,1.3,25.0,0.7939101362536638,0.01898101898101898
25.0,1.0,0.08,0.0,1.0,25.0,0.8112925260952323,0.01898101898101898
25.0,0.6,0.08,0.2,1.0,40.0,0.7726921895834529,0.01898101898101898
25.0,0.6,0.08,0.2,1.0,25.0,0.7938847067265806,0.01898101898101898
25.0,0.6,0.08,0.5,0.7,25.0,0.7978821314865819,0.01898101898101898
30.0,1.0,0.02,0.2,1.0,40.0,0.7686466016983099,0.02197802197802198
25.0,1.0,0.04,0.0,1.0,40.0,0.7793833272599003,0.02197802197802198
35.0,1.0,0.04,0.0,1.3,40.0,0.7770023065696979,0.02197802197802198
30.0,1.0,0.02,0.5,0.7,25.0,0.7961809341917186,0.02197802197802198
30.0,1.0,0.02,0.5,0.7,40.0,0.7733696014734451,0.02197802197802198
35.0,1.0,0.04,0.0,1.0,40.0,0.7770023065696979,0.02197802197802198
30.0,1.0,0.02,0.5,1.0,40.0,0.7706506770560857,0.02197802197802198
35.0,1.0,0.02,0.5,1.0,40.0,0.7728313131713485,0.02197802197802198
30.0,1.0,0.02,0.2,1.3,40.0,0.7678527435173245,0.02197802197802198
35.0,1.0,0.02,0.5,1.3,40.0,0.7703343742205551,0.02197802197802198
35.0,1.0,0.04,0.0,0.7,40.0,0.7770023065696979,0.02197802197802198
25.0,1.0,0.04,0.2,1.0,40.0,0.7804853820137954,0.02197802197802198
25.0,1.0,0.04,0.0,1.3,25.0,0.8007987351855618,0.02197802197802198
25.0,1.0,0.04,0.5,1.0,40.0,0.7816621066313194,0.02197802197802198
35.0,1.0,0.08,0.5,1.0,40.0,0.7913422369042925,0.02197802197802198
25.0,1.0,0.04,0.5,1.0,25.0,0.803096190831147,0.02197802197802198
35.0,1.0,0.08,0.5,0.7,40.0,0.7945079466178246,0.02197802197802198
25.0,1.0,0.04,0.5,0.7,40.0,0.7826546928429899,0.02197802197802198
25.0,1.0,0.04,0.5,0.7,25.0,0.8041563129355139,0.02197802197802198
25.0,1.0,0.04,0.2,1.3,40.0,0.7798690253233065,0.02197802197802198
25.0,1.0,0.04,0.2,1.3,25.0,0.8012863703552737,0.02197802197802198
25.0,1.0,0.04,0.2,1.0,25.0,0.8019040204539184,0.02197802197802198
25.0,1.0,0.04,0.2,0.7,40.0,0.7816193216546133,0.02197802197802198
30.0,1.0,0.02,0.0,0.7,40.0,0.7676349750204768,0.02197802197802198
35.0,1.0,0.04,0.5,1.3,40.0,0.7808413365941836,0.02197802197802198
25.0,1.0,0.04,0.2,0.7,25.0,0.8030505832132326,0.02197802197802198
35.0,1.0,0.04,0.5,1.0,40.0,0.781708426133066,0.02197802197802198
30.0,1.0,0.02,0.0,1.0,40.0,0.7676349750204768,0.02197802197802198
35.0,1.0,0.04,0.5,0.7,40.0,0.7847499820052988,0.02197802197802198
30.0,1.0,0.02,0.0,1.3,40.0,0.7676349750204768,0.02197802197802198
35.0,1.0,0.04,0.2,1.3,40.0,0.7786360708051299,0.02197802197802198
25.0,1.0,0.04,0.0,1.3,40.0,0.7793833272599003,0.02197802197802198
35.0,1.0,0.04,0.2,1.0,40.0,0.7794335541611859,0.02197802197802198
30.0,1.0,0.02,0.2,0.7,40.0,0.7702496211603728,0.02197802197802198
35.0,1.0,0.04,0.2,0.7,40.0,0.7807575315040541,0.02197802197802198
25.0,1.0,0.04,0.0,1.0,25.0,0.8007987351855618,0.02197802197802198
25.0,1.0,0.08,0.0,1.3,40.0,0.7912023395733896,0.02197802197802198
35.0,1.0,0.02,0.5,0.7,25.0,0.7973392944917204,0.02197802197802198
30.0,1.0,0.08,0.2,0.7,40.0,0.790562566428598,0.02197802197802198
25.0,1.0,0.08,0.5,0.7,40.0,0.7928163474045868,0.02197802197802198
30.0,1.0,0.08,0.2,1.0,40.0,0.789761987732686,0.02197802197802198
25.0,1.0,0.08,0.5,0.7,25.0,0.8130297829950551,0.02197802197802198
25.0,1.0,0.02,0.2,1.3,40.0,0.7695995601832296,0.02197802197802198
30.0,1.0,0.08,0.2,1.3,40.0,0.7897505906110136,0.02197802197802198
30.0,1.0,0.08,0.5,0.7,40.0,0.7940565611668291,0.02197802197802198
25.0,1.0,0.02,0.2,1.3,25.0,0.7924337256890085,0.02197802197802198
25.0,1.0,0.08,0.2,1.3,40.0,0.7915644556634129,0.02197802197802198
30.0,1.0,0.08,0.5,1.0,40.0,0.7910290056022027,0.02197802197802198
25.0,1.0,0.04,0.5,1.3,40.0,0.780520144991816,0.02197802197802198
30.0,1.0,0.08,0.5,1.3,40.0,0.7898479117590286,0.02197802197802198
25.0,1.0,0.02,0.5,0.7,25.0,0.795030718567447,0.02197802197802198
25.0,1.0,0.02,0.2,1.0,40.0,0.7701938427012401,0.02197802197802198
25.0,1.0,0.02,0.2,0.7,40.0,0.7713356474107592,0.02197802197802198
25.0,1.0,0.02,0.2,0.7,25.0,0.7942007746337411,0.02197802197802198
25.0,1.0,0.02,0.0,1.3,40.0,0.7691501876691726,0.02197802197802198
25.0,1.0,0.02,0.0,1.3,25.0,0.7919756354225365,0.02197802197802198
25.0,1.0,0.02,0.0,1.0,40.0,0.7691501876691726,0.02197802197802198
25.0,1.0,0.02,0.0,1.0,25.0,0.7919756354225365,0.02197802197802198
25.0,1.0,0.02,0.0,0.7,40.0,0.7691501876691726,0.02197802197802198
25.0,1.0,0.02,0.0,0.7,25.0,0.7919756354225365,0.02197802197802198
25.0,1.0,0.08,0.0,0.7,40.0,0.7912023395733896,0.02197802197802198
25.0,1.0,0.08,0.2,1.0,40.0,0.792039220430359,0.02197802197802198
25.0,1.0,0.08,0.2,0.7,40.0,0.7928643718004066,0.02197802197802198
25.0,1.0,0.08,0.0,1.0,40.0,0.7912023395733896,0.02197802197802198
25.0,1.0,0.02,0.2,1.0,25.0,0.7930361481087617,0.02197802197802198
30.0,1.0,0.08,0.0,1.3,40.0,0.7896332594466864,0.02197802197802198
25.0,1.0,0.02,0.5,0.7,40.0,0.7719628781876585,0.02197802197802198
30.0,1.0,0.08,0.0,1.0,40.0,0.7896332594466864,0.02197802197802198
35.0,1.0,0.02,0.2,1.3,40.0,0.7687688176026276,0.02197802197802198
30.0,1.0,0.02,0.5,1.3,40.0,0.768926583597785,0.02197802197802198
35.0,1.0,0.02,0.2,1.0,40.0,0.7691571369303912,0.02197802197802198
30.0,1.0,0.04,0.0,0.7,40.0,0.7790402080235774,0.02197802197802198
35.0,1.0,0.02,0.2,0.7,40.0,0.7705424249787708,0.02197802197802198
25.0,1.0,0.04,0.0,0.7,40.0,0.7793833272599003,0.02197802197802198
35.0,1.0,0.02,0.0,1.3,40.0,0.7680042771633471,0.02197802197802198
30.0,1.0,0.04,0.0,1.0,40.0,0.7790402080235774,0.02197802197802198
25.0,1.0,0.04,0.0,0.7,25.0,0.8007987351855618,0.02197802197802198
35.0,1.0,0.02,0.0,1.0,40.0,0.7680042771633471,0.02197802197802198
30.0,1.0,0.04,0.0,1.3,40.0,0.7790402080235774,0.02197802197802198
35.0,1.0,0.02,0.0,0.7,40.0,0.7680042771633471,0.02197802197802198
30.0,1.0,0.04,0.2,0.7,40.0,0.7797878389876374,0.02197802197802198
25.0,1.0,0.02,0.5,1.3,40.0,0.7702282789666977,0.02197802197802198
30.0,1.0,0.04,0.2,1.0,40.0,0.7796362727311074,0.02197802197802198
25.0,1.0,0.02,0.5,1.3,25.0,0.7930732320620336,0.02197802197802198
30.0,1.0,0.04,0.2,1.3,40.0,0.7794067649173226,0.02197802197802198
30.0,1.0,0.04,0.5,0.7,25.0,0.8048278149532421,0.02197802197802198
30.0,1.0,0.04,0.5,0.7,40.0,0.7836996156520092,0.02197802197802198
25.0,1.0,0.04,0.5,1.3,25.0,0.8019428972668194,0.02197802197802198
25.0,1.0,0.08,0.5,1.3,40.0,0.7920654160840501,0.02197802197802198
25.0,1.0,0.02,0.5,1.0,40.0,0.7713797632962818,0.02197802197802198
30.0,1.0,0.04,0.5,1.3,40.0,0.7797666444102243,0.02197802197802198
25.0,1.0,0.02,0.5,1.0,25.0,0.794243586607945,0.02197802197802198
25.0,1.0,0.08,0.5,1.0,40.0,0.7929062903745305,0.02197802197802198
30.0,1.0,0.08,0.0,0.7,40.0,0.7896332594466864,0.02197802197802198
25.0,1.0,0.08,0.5,1.0,25.0,0.8130484728098557,0.02197802197802198
35.0,1.0,0.02,0.5,0.7,40.0,0.7747106621555587,0.02197802197802198
30.0,1.0,0.04,0.5,1.0,40.0,0.7799266012126267,0.02197802197802198
